fee_id,Title,Color Tag,Compliance Asset Id,payment_date,payment_due,expenses_due,Reimbursible Expense,Notes,_OldID,project_id,Content Type,App Created By,App Modified By,Workflow Instance ID,File Type,Modified,Created,Created By,Modified By,URL Path,Path,Item Type,Encoded Absolute URL
1,,,,3/31/2026,"3,750.00",,,,1,82,Item,,,,,3/27/2025,3/27/2025,Bohdanna Kinasevych,Bohdanna Kinasevych,Lists/tbl_fees/1_.000,Lists/tbl_fees,0,https://healthincommon.sharepoint.com/Lists/tbl_fees/1_.000
2,,,,9/1/2025,"28,000.00",,,,2,81,Item,,,,,3/27/2025,3/27/2025,Bohdanna Kinasevych,Bohdanna Kinasevych,Lists/tbl_fees/2_.000,Lists/tbl_fees,0,https://healthincommon.sharepoint.com/Lists/tbl_fees/2_.000
3,,,,5/23/2025,"15,200.00",,,,3,27,Item,,,,,3/27/2025,3/27/2025,Bohdanna Kinasevych,Bohdanna Kinasevych,Lists/tbl_fees/3_.000,Lists/tbl_fees,0,https://healthincommon.sharepoint.com/Lists/tbl_fees/3_.000
4,,,,3/31/2025,"7,500.00",,,,4,79,Item,,,,,3/27/2025,3/27/2025,Bohdanna Kinasevych,Bohdanna Kinasevych,Lists/tbl_fees/4_.000,Lists/tbl_fees,0,https://healthincommon.sharepoint.com/Lists/tbl_fees/4_.000
5,,,,3/31/2025,"5,000.00",,,2024-25 Evaluation,5,1,Item,,,,,3/27/2025,3/27/2025,Bohdanna Kinasevych,Bohdanna Kinasevych,Lists/tbl_fees/5_.000,Lists/tbl_fees,0,https://healthincommon.sharepoint.com/Lists/tbl_fees/5_.000
6,,,,3/31/2025,"15,200.00",,,,6,27,Item,,,,,3/27/2025,3/27/2025,Bohdanna Kinasevych,Bohdanna Kinasevych,Lists/tbl_fees/6_.000,Lists/tbl_fees,0,https://healthincommon.sharepoint.com/Lists/tbl_fees/6_.000
7,,,,2/28/2025,"5,000.00",,,,7,24,Item,,,,,3/27/2025,3/27/2025,Bohdanna Kinasevych,Bohdanna Kinasevych,Lists/tbl_fees/7_.000,Lists/tbl_fees,0,https://healthincommon.sharepoint.com/Lists/tbl_fees/7_.000
8,,,,1/31/2025,"10,400.00",,,,8,30,Item,,,,,3/27/2025,3/27/2025,Bohdanna Kinasevych,Bohdanna Kinasevych,Lists/tbl_fees/8_.000,Lists/tbl_fees,0,https://healthincommon.sharepoint.com/Lists/tbl_fees/8_.000
9,,,,1/31/2025,"5,000.00",,,,9,26,Item,,,,,3/27/2025,3/27/2025,Bohdanna Kinasevych,Bohdanna Kinasevych,Lists/tbl_fees/9_.000,Lists/tbl_fees,0,https://healthincommon.sharepoint.com/Lists/tbl_fees/9_.000
10,,,,12/31/2024,"10,400.00",,,,10,30,Item,,,,,3/27/2025,3/27/2025,Bohdanna Kinasevych,Bohdanna Kinasevych,Lists/tbl_fees/10_.000,Lists/tbl_fees,0,https://healthincommon.sharepoint.com/Lists/tbl_fees/10_.000
11,,,,12/20/2024,"5,500.00",,,,11,59,Item,,,,,3/27/2025,3/27/2025,Bohdanna Kinasevych,Bohdanna Kinasevych,Lists/tbl_fees/11_.000,Lists/tbl_fees,0,https://healthincommon.sharepoint.com/Lists/tbl_fees/11_.000
12,,,,12/20/2024,"13,000.00",,,,12,37,Item,,,,,3/27/2025,3/27/2025,Bohdanna Kinasevych,Bohdanna Kinasevych,Lists/tbl_fees/12_.000,Lists/tbl_fees,0,https://healthincommon.sharepoint.com/Lists/tbl_fees/12_.000
13,,,,12/6/2024,"4,000.00",,,,13,29,Item,,,,,3/27/2025,3/27/2025,Bohdanna Kinasevych,Bohdanna Kinasevych,Lists/tbl_fees/13_.000,Lists/tbl_fees,0,https://healthincommon.sharepoint.com/Lists/tbl_fees/13_.000
14,,,,11/30/2024,"11,000.00",,,,14,53,Item,,,,,3/27/2025,3/27/2025,Bohdanna Kinasevych,Bohdanna Kinasevych,Lists/tbl_fees/14_.000,Lists/tbl_fees,0,https://healthincommon.sharepoint.com/Lists/tbl_fees/14_.000
15,,,,11/30/2024,"5,000.00",,,,15,26,Item,,,,,3/27/2025,3/27/2025,Bohdanna Kinasevych,Bohdanna Kinasevych,Lists/tbl_fees/15_.000,Lists/tbl_fees,0,https://healthincommon.sharepoint.com/Lists/tbl_fees/15_.000
16,,,,11/29/2024,"5,000.00",,,,16,24,Item,,,,,3/27/2025,3/27/2025,Bohdanna Kinasevych,Bohdanna Kinasevych,Lists/tbl_fees/16_.000,Lists/tbl_fees,0,https://healthincommon.sharepoint.com/Lists/tbl_fees/16_.000
17,,,,11/13/2024,"26,000.00",,,,17,21,Item,,,,,3/27/2025,3/27/2025,Bohdanna Kinasevych,Bohdanna Kinasevych,Lists/tbl_fees/17_.000,Lists/tbl_fees,0,https://healthincommon.sharepoint.com/Lists/tbl_fees/17_.000
18,,,,11/13/2024,"16,000.00",,,,18,22,Item,,,,,3/27/2025,3/27/2025,Bohdanna Kinasevych,Bohdanna Kinasevych,Lists/tbl_fees/18_.000,Lists/tbl_fees,0,https://healthincommon.sharepoint.com/Lists/tbl_fees/18_.000
19,,,,11/13/2024,"5,000.00",,,,19,23,Item,,,,,3/27/2025,3/27/2025,Bohdanna Kinasevych,Bohdanna Kinasevych,Lists/tbl_fees/19_.000,Lists/tbl_fees,0,https://healthincommon.sharepoint.com/Lists/tbl_fees/19_.000
20,,,,10/30/2024,"7,600.00",,,,20,27,Item,,,,,3/27/2025,3/27/2025,Bohdanna Kinasevych,Bohdanna Kinasevych,Lists/tbl_fees/20_.000,Lists/tbl_fees,0,https://healthincommon.sharepoint.com/Lists/tbl_fees/20_.000
21,,,,10/23/2024,"29,000.00",,,,21,39,Item,,,,,3/27/2025,3/27/2025,Bohdanna Kinasevych,Bohdanna Kinasevych,Lists/tbl_fees/21_.000,Lists/tbl_fees,0,https://healthincommon.sharepoint.com/Lists/tbl_fees/21_.000
22,,,,10/18/2024,"5,250.00",,,,22,60,Item,,,,,3/27/2025,3/27/2025,Bohdanna Kinasevych,Bohdanna Kinasevych,Lists/tbl_fees/22_.000,Lists/tbl_fees,0,https://healthincommon.sharepoint.com/Lists/tbl_fees/22_.000
23,,,,9/30/2024,"5,200.00",,,,23,30,Item,,,,,3/27/2025,3/27/2025,Bohdanna Kinasevych,Bohdanna Kinasevych,Lists/tbl_fees/23_.000,Lists/tbl_fees,0,https://healthincommon.sharepoint.com/Lists/tbl_fees/23_.000
24,,,,7/26/2024,"5,500.00",,,,24,59,Item,,,,,3/27/2025,3/27/2025,Bohdanna Kinasevych,Bohdanna Kinasevych,Lists/tbl_fees/24_.000,Lists/tbl_fees,0,https://healthincommon.sharepoint.com/Lists/tbl_fees/24_.000
25,,,,7/19/2024,"4,000.00",,,,25,36,Item,,,,,3/27/2025,3/27/2025,Bohdanna Kinasevych,Bohdanna Kinasevych,Lists/tbl_fees/25_.000,Lists/tbl_fees,0,https://healthincommon.sharepoint.com/Lists/tbl_fees/25_.000
26,,,,7/15/2024,"10,000.00",,,,26,35,Item,,,,,3/27/2025,3/27/2025,Bohdanna Kinasevych,Bohdanna Kinasevych,Lists/tbl_fees/26_.000,Lists/tbl_fees,0,https://healthincommon.sharepoint.com/Lists/tbl_fees/26_.000
27,,,,7/12/2024,"13,000.00",,,,27,37,Item,,,,,3/27/2025,3/27/2025,Bohdanna Kinasevych,Bohdanna Kinasevych,Lists/tbl_fees/27_.000,Lists/tbl_fees,0,https://healthincommon.sharepoint.com/Lists/tbl_fees/27_.000
28,,,,5/31/2024,"5,000.00",,,,28,42,Item,,,,,3/27/2025,3/27/2025,Bohdanna Kinasevych,Bohdanna Kinasevych,Lists/tbl_fees/28_.000,Lists/tbl_fees,0,https://healthincommon.sharepoint.com/Lists/tbl_fees/28_.000
29,,,,4/30/2024,"35,000.00",,,,29,47,Item,,,,,3/27/2025,3/27/2025,Bohdanna Kinasevych,Bohdanna Kinasevych,Lists/tbl_fees/29_.000,Lists/tbl_fees,0,https://healthincommon.sharepoint.com/Lists/tbl_fees/29_.000
30,,,,4/30/2024,"10,000.00",,,,30,53,Item,,,,,3/27/2025,3/27/2025,Bohdanna Kinasevych,Bohdanna Kinasevych,Lists/tbl_fees/30_.000,Lists/tbl_fees,0,https://healthincommon.sharepoint.com/Lists/tbl_fees/30_.000
31,,,,4/1/2024,"28,000.00",,,,31,81,Item,,,,,3/27/2025,3/27/2025,Bohdanna Kinasevych,Bohdanna Kinasevych,Lists/tbl_fees/31_.000,Lists/tbl_fees,0,https://healthincommon.sharepoint.com/Lists/tbl_fees/31_.000
32,,,,3/31/2024,"19,350.00",,,"plus $6,300 for knowledge translation paid to Vincent Design",32,79,Item,,,,,3/27/2025,3/27/2025,Bohdanna Kinasevych,Bohdanna Kinasevych,Lists/tbl_fees/32_.000,Lists/tbl_fees,0,https://healthincommon.sharepoint.com/Lists/tbl_fees/32_.000
33,,,,3/31/2024,"5,000.00",,,,33,1,Item,,,,,3/27/2025,3/27/2025,Bohdanna Kinasevych,Bohdanna Kinasevych,Lists/tbl_fees/33_.000,Lists/tbl_fees,0,https://healthincommon.sharepoint.com/Lists/tbl_fees/33_.000
34,,,,3/31/2024,"27,000.00",,,,34,16,Item,,,,,3/27/2025,3/27/2025,Bohdanna Kinasevych,Bohdanna Kinasevych,Lists/tbl_fees/34_.000,Lists/tbl_fees,0,https://healthincommon.sharepoint.com/Lists/tbl_fees/34_.000
35,,,,3/31/2024,"15,000.00",,,,35,6,Item,,,,,3/27/2025,3/27/2025,Bohdanna Kinasevych,Bohdanna Kinasevych,Lists/tbl_fees/35_.000,Lists/tbl_fees,0,https://healthincommon.sharepoint.com/Lists/tbl_fees/35_.000
36,,,,3/31/2024,"39,500.00",,,,36,51,Item,,,,,3/27/2025,3/27/2025,Bohdanna Kinasevych,Bohdanna Kinasevych,Lists/tbl_fees/36_.000,Lists/tbl_fees,0,https://healthincommon.sharepoint.com/Lists/tbl_fees/36_.000
37,,,,3/31/2024,"28,500.00",,,,37,55,Item,,,,,3/27/2025,3/27/2025,Bohdanna Kinasevych,Bohdanna Kinasevych,Lists/tbl_fees/37_.000,Lists/tbl_fees,0,https://healthincommon.sharepoint.com/Lists/tbl_fees/37_.000
38,,,,3/31/2024,"31,000.00",,,,38,4,Item,,,,,3/27/2025,3/27/2025,Bohdanna Kinasevych,Bohdanna Kinasevych,Lists/tbl_fees/38_.000,Lists/tbl_fees,0,https://healthincommon.sharepoint.com/Lists/tbl_fees/38_.000
39,,,,3/31/2024,"9,000.00",,,,39,17,Item,,,,,3/27/2025,3/27/2025,Bohdanna Kinasevych,Bohdanna Kinasevych,Lists/tbl_fees/39_.000,Lists/tbl_fees,0,https://healthincommon.sharepoint.com/Lists/tbl_fees/39_.000
40,,,,3/31/2024,"10,000.00",,,,40,47,Item,,,,,3/27/2025,3/27/2025,Bohdanna Kinasevych,Bohdanna Kinasevych,Lists/tbl_fees/40_.000,Lists/tbl_fees,0,https://healthincommon.sharepoint.com/Lists/tbl_fees/40_.000
41,,,,3/29/2024,"10,000.00",,,,41,46,Item,,,,,3/27/2025,3/27/2025,Bohdanna Kinasevych,Bohdanna Kinasevych,Lists/tbl_fees/41_.000,Lists/tbl_fees,0,https://healthincommon.sharepoint.com/Lists/tbl_fees/41_.000
42,,,,3/29/2024,"4,000.00",,,,42,43,Item,,,,,3/27/2025,3/27/2025,Bohdanna Kinasevych,Bohdanna Kinasevych,Lists/tbl_fees/42_.000,Lists/tbl_fees,0,https://healthincommon.sharepoint.com/Lists/tbl_fees/42_.000
43,,,,3/27/2024,"10,000.00",,,,43,45,Item,,,,,3/27/2025,3/27/2025,Bohdanna Kinasevych,Bohdanna Kinasevych,Lists/tbl_fees/43_.000,Lists/tbl_fees,0,https://healthincommon.sharepoint.com/Lists/tbl_fees/43_.000
44,,,,3/27/2024,"8,000.00",,,,44,44,Item,,,,,3/27/2025,3/27/2025,Bohdanna Kinasevych,Bohdanna Kinasevych,Lists/tbl_fees/44_.000,Lists/tbl_fees,0,https://healthincommon.sharepoint.com/Lists/tbl_fees/44_.000
45,,,,2/29/2024,"6,000.00",,,,45,11,Item,,,,,3/27/2025,3/27/2025,Bohdanna Kinasevych,Bohdanna Kinasevych,Lists/tbl_fees/45_.000,Lists/tbl_fees,0,https://healthincommon.sharepoint.com/Lists/tbl_fees/45_.000
46,,,,2/29/2024,"4,000.00",,,,46,54,Item,,,,,3/27/2025,3/27/2025,Bohdanna Kinasevych,Bohdanna Kinasevych,Lists/tbl_fees/46_.000,Lists/tbl_fees,0,https://healthincommon.sharepoint.com/Lists/tbl_fees/46_.000
47,,,,1/31/2024,"4,000.00",,,,47,50,Item,,,,,3/27/2025,3/27/2025,Bohdanna Kinasevych,Bohdanna Kinasevych,Lists/tbl_fees/47_.000,Lists/tbl_fees,0,https://healthincommon.sharepoint.com/Lists/tbl_fees/47_.000
48,,,,1/31/2024,"3,200.00",,,,48,49,Item,,,,,3/27/2025,3/27/2025,Bohdanna Kinasevych,Bohdanna Kinasevych,Lists/tbl_fees/48_.000,Lists/tbl_fees,0,https://healthincommon.sharepoint.com/Lists/tbl_fees/48_.000
49,,,,1/3/2024,"6,000.00",,,,49,12,Item,,,,,3/27/2025,3/27/2025,Bohdanna Kinasevych,Bohdanna Kinasevych,Lists/tbl_fees/49_.000,Lists/tbl_fees,0,https://healthincommon.sharepoint.com/Lists/tbl_fees/49_.000
50,,,,1/3/2024,"8,000.00",,,,50,74,Item,,,,,3/27/2025,3/27/2025,Bohdanna Kinasevych,Bohdanna Kinasevych,Lists/tbl_fees/50_.000,Lists/tbl_fees,0,https://healthincommon.sharepoint.com/Lists/tbl_fees/50_.000
51,,,,11/30/2023,"2,000.00",,,,51,2,Item,,,,,3/27/2025,3/27/2025,Bohdanna Kinasevych,Bohdanna Kinasevych,Lists/tbl_fees/51_.000,Lists/tbl_fees,0,https://healthincommon.sharepoint.com/Lists/tbl_fees/51_.000
52,,,,10/31/2023,"6,000.00",,,,52,80,Item,,,,,3/27/2025,3/27/2025,Bohdanna Kinasevych,Bohdanna Kinasevych,Lists/tbl_fees/52_.000,Lists/tbl_fees,0,https://healthincommon.sharepoint.com/Lists/tbl_fees/52_.000
53,,,,10/31/2023,"2,000.00",,,,53,10,Item,,,,,3/27/2025,3/27/2025,Bohdanna Kinasevych,Bohdanna Kinasevych,Lists/tbl_fees/53_.000,Lists/tbl_fees,0,https://healthincommon.sharepoint.com/Lists/tbl_fees/53_.000
54,,,,9/30/2023,"3,250.00",,,,54,60,Item,,,,,3/27/2025,3/27/2025,Bohdanna Kinasevych,Bohdanna Kinasevych,Lists/tbl_fees/54_.000,Lists/tbl_fees,0,https://healthincommon.sharepoint.com/Lists/tbl_fees/54_.000
55,,,,9/30/2023,"2,000.00",,,,55,2,Item,,,,,3/27/2025,3/27/2025,Bohdanna Kinasevych,Bohdanna Kinasevych,Lists/tbl_fees/55_.000,Lists/tbl_fees,0,https://healthincommon.sharepoint.com/Lists/tbl_fees/55_.000
56,,,,7/31/2023,"9,600.00",,,,56,7,Item,,,,,3/27/2025,3/27/2025,Bohdanna Kinasevych,Bohdanna Kinasevych,Lists/tbl_fees/56_.000,Lists/tbl_fees,0,https://healthincommon.sharepoint.com/Lists/tbl_fees/56_.000
57,,,,6/14/2023,"108,650.00",,,,57,123,Item,,,,,3/27/2025,3/27/2025,Bohdanna Kinasevych,Bohdanna Kinasevych,Lists/tbl_fees/57_.000,Lists/tbl_fees,0,https://healthincommon.sharepoint.com/Lists/tbl_fees/57_.000
58,,,,5/31/2023,"13,500.00",,,,58,70,Item,,,,,3/27/2025,3/27/2025,Bohdanna Kinasevych,Bohdanna Kinasevych,Lists/tbl_fees/58_.000,Lists/tbl_fees,0,https://healthincommon.sharepoint.com/Lists/tbl_fees/58_.000
59,,,,5/31/2023,"4,000.00",,,,59,8,Item,,,,,3/27/2025,3/27/2025,Bohdanna Kinasevych,Bohdanna Kinasevych,Lists/tbl_fees/59_.000,Lists/tbl_fees,0,https://healthincommon.sharepoint.com/Lists/tbl_fees/59_.000
60,,,,4/19/2023,750.00,,,FACILITATED MEETING,60,78,Item,,,,,3/27/2025,3/27/2025,Bohdanna Kinasevych,Bohdanna Kinasevych,Lists/tbl_fees/60_.000,Lists/tbl_fees,0,https://healthincommon.sharepoint.com/Lists/tbl_fees/60_.000
61,,,,3/31/2023,"32,880.00",,false,40% final report,61,189,Item,,,,,3/27/2025,3/27/2025,Bohdanna Kinasevych,Bohdanna Kinasevych,Lists/tbl_fees/61_.000,Lists/tbl_fees,0,https://healthincommon.sharepoint.com/Lists/tbl_fees/61_.000
62,,,,3/31/2023,"13,800.00",,,,62,134,Item,,,,,3/27/2025,3/27/2025,Bohdanna Kinasevych,Bohdanna Kinasevych,Lists/tbl_fees/62_.000,Lists/tbl_fees,0,https://healthincommon.sharepoint.com/Lists/tbl_fees/62_.000
63,,,,3/31/2023,"6,000.00",,,,63,90,Item,,,,,3/27/2025,3/27/2025,Bohdanna Kinasevych,Bohdanna Kinasevych,Lists/tbl_fees/63_.000,Lists/tbl_fees,0,https://healthincommon.sharepoint.com/Lists/tbl_fees/63_.000
64,,,,3/31/2023,"108,650.00",,,,64,123,Item,,,,,3/27/2025,3/27/2025,Bohdanna Kinasevych,Bohdanna Kinasevych,Lists/tbl_fees/64_.000,Lists/tbl_fees,0,https://healthincommon.sharepoint.com/Lists/tbl_fees/64_.000
65,,,,3/31/2023,"23,000.00",,,Includes KT product design expenses and graphic design,65,79,Item,,,,,3/27/2025,3/27/2025,Bohdanna Kinasevych,Bohdanna Kinasevych,Lists/tbl_fees/65_.000,Lists/tbl_fees,0,https://healthincommon.sharepoint.com/Lists/tbl_fees/65_.000
66,,,,3/31/2023,"12,800.00",,,,66,72,Item,,,,,3/27/2025,3/27/2025,Bohdanna Kinasevych,Bohdanna Kinasevych,Lists/tbl_fees/66_.000,Lists/tbl_fees,0,https://healthincommon.sharepoint.com/Lists/tbl_fees/66_.000
67,,,,3/31/2023,"8,750.00",,,,67,18,Item,,,,,3/27/2025,3/27/2025,Bohdanna Kinasevych,Bohdanna Kinasevych,Lists/tbl_fees/67_.000,Lists/tbl_fees,0,https://healthincommon.sharepoint.com/Lists/tbl_fees/67_.000
68,,,,3/31/2023,"3,000.00",,,,68,92,Item,,,,,3/27/2025,3/27/2025,Bohdanna Kinasevych,Bohdanna Kinasevych,Lists/tbl_fees/68_.000,Lists/tbl_fees,0,https://healthincommon.sharepoint.com/Lists/tbl_fees/68_.000
69,,,,3/31/2023,"8,357.20",,,,69,5,Item,,,,,3/27/2025,3/27/2025,Bohdanna Kinasevych,Bohdanna Kinasevych,Lists/tbl_fees/69_.000,Lists/tbl_fees,0,https://healthincommon.sharepoint.com/Lists/tbl_fees/69_.000
70,,,,3/31/2023,"2,000.00",,,,70,62,Item,,,,,3/27/2025,3/27/2025,Bohdanna Kinasevych,Bohdanna Kinasevych,Lists/tbl_fees/70_.000,Lists/tbl_fees,0,https://healthincommon.sharepoint.com/Lists/tbl_fees/70_.000
71,,,,2/28/2023,"8,000.00",,,,71,69,Item,,,,,3/27/2025,3/27/2025,Bohdanna Kinasevych,Bohdanna Kinasevych,Lists/tbl_fees/71_.000,Lists/tbl_fees,0,https://healthincommon.sharepoint.com/Lists/tbl_fees/71_.000
72,,,,1/31/2023,"12,800.00",,,,72,72,Item,,,,,3/27/2025,3/27/2025,Bohdanna Kinasevych,Bohdanna Kinasevych,Lists/tbl_fees/72_.000,Lists/tbl_fees,0,https://healthincommon.sharepoint.com/Lists/tbl_fees/72_.000
73,,,,1/20/2023,"1,000.00",,,,73,67,Item,,,,,3/27/2025,3/27/2025,Bohdanna Kinasevych,Bohdanna Kinasevych,Lists/tbl_fees/73_.000,Lists/tbl_fees,0,https://healthincommon.sharepoint.com/Lists/tbl_fees/73_.000
74,,,,12/31/2022,"22,200.00",,,,74,102,Item,,,,,3/27/2025,3/27/2025,Bohdanna Kinasevych,Bohdanna Kinasevych,Lists/tbl_fees/74_.000,Lists/tbl_fees,0,https://healthincommon.sharepoint.com/Lists/tbl_fees/74_.000
75,,,,12/30/2022,"19,100.00",,,,75,101,Item,,,,,3/27/2025,3/27/2025,Bohdanna Kinasevych,Bohdanna Kinasevych,Lists/tbl_fees/75_.000,Lists/tbl_fees,0,https://healthincommon.sharepoint.com/Lists/tbl_fees/75_.000
76,,,,12/30/2022,"8,250.00",,,,76,87,Item,,,,,3/27/2025,3/27/2025,Bohdanna Kinasevych,Bohdanna Kinasevych,Lists/tbl_fees/76_.000,Lists/tbl_fees,0,https://healthincommon.sharepoint.com/Lists/tbl_fees/76_.000
77,,,,12/30/2022,"3,000.00",,,,77,78,Item,,,,,3/27/2025,3/27/2025,Bohdanna Kinasevych,Bohdanna Kinasevych,Lists/tbl_fees/77_.000,Lists/tbl_fees,0,https://healthincommon.sharepoint.com/Lists/tbl_fees/77_.000
78,,,,12/30/2022,"6,400.00",,,,78,72,Item,,,,,3/27/2025,3/27/2025,Bohdanna Kinasevych,Bohdanna Kinasevych,Lists/tbl_fees/78_.000,Lists/tbl_fees,0,https://healthincommon.sharepoint.com/Lists/tbl_fees/78_.000
79,,,,11/30/2022,750.00,,,,79,91,Item,,,,,3/27/2025,3/27/2025,Bohdanna Kinasevych,Bohdanna Kinasevych,Lists/tbl_fees/79_.000,Lists/tbl_fees,0,https://healthincommon.sharepoint.com/Lists/tbl_fees/79_.000
80,,,,11/30/2022,"13,500.00",,,,80,70,Item,,,,,3/27/2025,3/27/2025,Bohdanna Kinasevych,Bohdanna Kinasevych,Lists/tbl_fees/80_.000,Lists/tbl_fees,0,https://healthincommon.sharepoint.com/Lists/tbl_fees/80_.000
81,,,,11/18/2022,"2,750.00",,,,81,77,Item,,,,,3/27/2025,3/27/2025,Bohdanna Kinasevych,Bohdanna Kinasevych,Lists/tbl_fees/81_.000,Lists/tbl_fees,0,https://healthincommon.sharepoint.com/Lists/tbl_fees/81_.000
82,,,,11/1/2022,"28,000.00",,,,82,81,Item,,,,,3/27/2025,3/27/2025,Bohdanna Kinasevych,Bohdanna Kinasevych,Lists/tbl_fees/82_.000,Lists/tbl_fees,0,https://healthincommon.sharepoint.com/Lists/tbl_fees/82_.000
83,,,,10/31/2022,"4,875.00",,,,83,127,Item,,,,,3/27/2025,3/27/2025,Bohdanna Kinasevych,Bohdanna Kinasevych,Lists/tbl_fees/83_.000,Lists/tbl_fees,0,https://healthincommon.sharepoint.com/Lists/tbl_fees/83_.000
84,,,,10/31/2022,"6,000.00",,,,84,80,Item,,,,,3/27/2025,3/27/2025,Bohdanna Kinasevych,Bohdanna Kinasevych,Lists/tbl_fees/84_.000,Lists/tbl_fees,0,https://healthincommon.sharepoint.com/Lists/tbl_fees/84_.000
85,,,,10/31/2022,"6,000.00",,,,85,90,Item,,,,,3/27/2025,3/27/2025,Bohdanna Kinasevych,Bohdanna Kinasevych,Lists/tbl_fees/85_.000,Lists/tbl_fees,0,https://healthincommon.sharepoint.com/Lists/tbl_fees/85_.000
86,,,,9/30/2022,"3,500.00",,,,86,132,Item,,,,,3/27/2025,3/27/2025,Bohdanna Kinasevych,Bohdanna Kinasevych,Lists/tbl_fees/86_.000,Lists/tbl_fees,0,https://healthincommon.sharepoint.com/Lists/tbl_fees/86_.000
87,,,,9/14/2022,"5,775.00",,,,87,73,Item,,,,,3/27/2025,3/27/2025,Bohdanna Kinasevych,Bohdanna Kinasevych,Lists/tbl_fees/87_.000,Lists/tbl_fees,0,https://healthincommon.sharepoint.com/Lists/tbl_fees/87_.000
88,,,,7/31/2022,"3,750.00",,,,88,82,Item,,,,,3/27/2025,3/27/2025,Bohdanna Kinasevych,Bohdanna Kinasevych,Lists/tbl_fees/88_.000,Lists/tbl_fees,0,https://healthincommon.sharepoint.com/Lists/tbl_fees/88_.000
89,,,,7/31/2022,"7,500.00",,,,89,93,Item,,,,,3/27/2025,3/27/2025,Bohdanna Kinasevych,Bohdanna Kinasevych,Lists/tbl_fees/89_.000,Lists/tbl_fees,0,https://healthincommon.sharepoint.com/Lists/tbl_fees/89_.000
90,,,,7/27/2022,"2,500.00",,,,90,77,Item,,,,,3/27/2025,3/27/2025,Bohdanna Kinasevych,Bohdanna Kinasevych,Lists/tbl_fees/90_.000,Lists/tbl_fees,0,https://healthincommon.sharepoint.com/Lists/tbl_fees/90_.000
91,,,,7/27/2022,"3,000.00",,,,91,78,Item,,,,,3/27/2025,3/27/2025,Bohdanna Kinasevych,Bohdanna Kinasevych,Lists/tbl_fees/91_.000,Lists/tbl_fees,0,https://healthincommon.sharepoint.com/Lists/tbl_fees/91_.000
92,,,,6/16/2022,"8,250.00",,,,92,87,Item,,,,,3/27/2025,3/27/2025,Bohdanna Kinasevych,Bohdanna Kinasevych,Lists/tbl_fees/92_.000,Lists/tbl_fees,0,https://healthincommon.sharepoint.com/Lists/tbl_fees/92_.000
93,,,,5/31/2022,"54,180.00",,false,,93,211,Item,,,,,3/27/2025,3/27/2025,Bohdanna Kinasevych,Bohdanna Kinasevych,Lists/tbl_fees/93_.000,Lists/tbl_fees,0,https://healthincommon.sharepoint.com/Lists/tbl_fees/93_.000
94,,,,4/30/2022,"22,200.00",,,,94,102,Item,,,,,3/27/2025,3/27/2025,Bohdanna Kinasevych,Bohdanna Kinasevych,Lists/tbl_fees/94_.000,Lists/tbl_fees,0,https://healthincommon.sharepoint.com/Lists/tbl_fees/94_.000
95,,,,4/29/2022,"19,100.00",,,,95,101,Item,,,,,3/27/2025,3/27/2025,Bohdanna Kinasevych,Bohdanna Kinasevych,Lists/tbl_fees/95_.000,Lists/tbl_fees,0,https://healthincommon.sharepoint.com/Lists/tbl_fees/95_.000
96,,,,4/3/2022,"6,000.00",,,,96,97,Item,,,,,3/27/2025,3/27/2025,Bohdanna Kinasevych,Bohdanna Kinasevych,Lists/tbl_fees/96_.000,Lists/tbl_fees,0,https://healthincommon.sharepoint.com/Lists/tbl_fees/96_.000
97,,,,3/31/2022,"6,450.00",,false,CH 2nd (final) payment,97,187,Item,,,,,3/27/2025,3/27/2025,Bohdanna Kinasevych,Bohdanna Kinasevych,Lists/tbl_fees/97_.000,Lists/tbl_fees,0,https://healthincommon.sharepoint.com/Lists/tbl_fees/97_.000
98,,,,3/31/2022,"6,660.00",,false,,98,287,Item,,,,,3/27/2025,3/27/2025,Bohdanna Kinasevych,Bohdanna Kinasevych,Lists/tbl_fees/98_.000,Lists/tbl_fees,0,https://healthincommon.sharepoint.com/Lists/tbl_fees/98_.000
99,,,,3/31/2022,"15,000.00",,false,,99,422,Item,,,,,3/27/2025,3/27/2025,Bohdanna Kinasevych,Bohdanna Kinasevych,Lists/tbl_fees/99_.000,Lists/tbl_fees,0,https://healthincommon.sharepoint.com/Lists/tbl_fees/99_.000
100,,,,3/31/2022,"22,500.00",,false,,100,305,Item,,,,,3/27/2025,3/27/2025,Bohdanna Kinasevych,Bohdanna Kinasevych,Lists/tbl_fees/100_.000,Lists/tbl_fees,0,https://healthincommon.sharepoint.com/Lists/tbl_fees/100_.000
101,,,,3/31/2022,"32,880.00",,false,40% data collection,101,189,Item,,,,,3/27/2025,3/27/2025,Bohdanna Kinasevych,Bohdanna Kinasevych,Lists/tbl_fees/101_.000,Lists/tbl_fees,0,https://healthincommon.sharepoint.com/Lists/tbl_fees/101_.000
102,,,,3/31/2022,"9,523.81",,,Payment 2/4,102,235,Item,,,,,3/27/2025,3/27/2025,Bohdanna Kinasevych,Bohdanna Kinasevych,Lists/tbl_fees/102_.000,Lists/tbl_fees,0,https://healthincommon.sharepoint.com/Lists/tbl_fees/102_.000
103,,,,3/31/2022,"5,625.00",,,,103,146,Item,,,,,3/27/2025,3/27/2025,Bohdanna Kinasevych,Bohdanna Kinasevych,Lists/tbl_fees/103_.000,Lists/tbl_fees,0,https://healthincommon.sharepoint.com/Lists/tbl_fees/103_.000
104,,,,3/31/2022,"5,225.00",,,,104,138,Item,,,,,3/27/2025,3/27/2025,Bohdanna Kinasevych,Bohdanna Kinasevych,Lists/tbl_fees/104_.000,Lists/tbl_fees,0,https://healthincommon.sharepoint.com/Lists/tbl_fees/104_.000
105,,,,3/31/2022,"3,125.00",,,,105,136,Item,,,,,3/27/2025,3/27/2025,Bohdanna Kinasevych,Bohdanna Kinasevych,Lists/tbl_fees/105_.000,Lists/tbl_fees,0,https://healthincommon.sharepoint.com/Lists/tbl_fees/105_.000
106,,,,3/31/2022,"7,500.00",,,,106,126,Item,,,,,3/27/2025,3/27/2025,Bohdanna Kinasevych,Bohdanna Kinasevych,Lists/tbl_fees/106_.000,Lists/tbl_fees,0,https://healthincommon.sharepoint.com/Lists/tbl_fees/106_.000
107,,,,3/30/2022,"4,500.00",,,,107,98,Item,,,,,3/27/2025,3/27/2025,Bohdanna Kinasevych,Bohdanna Kinasevych,Lists/tbl_fees/107_.000,Lists/tbl_fees,0,https://healthincommon.sharepoint.com/Lists/tbl_fees/107_.000
108,,,,3/21/2022,"4,000.00",,,,108,132,Item,,,,,3/27/2025,3/27/2025,Bohdanna Kinasevych,Bohdanna Kinasevych,Lists/tbl_fees/108_.000,Lists/tbl_fees,0,https://healthincommon.sharepoint.com/Lists/tbl_fees/108_.000
109,,,,2/21/2022,"11,100.00",,,,109,102,Item,,,,,3/27/2025,3/27/2025,Bohdanna Kinasevych,Bohdanna Kinasevych,Lists/tbl_fees/109_.000,Lists/tbl_fees,0,https://healthincommon.sharepoint.com/Lists/tbl_fees/109_.000
110,,,,2/7/2022,675.00,,,,110,133,Item,,,,,3/27/2025,3/27/2025,Bohdanna Kinasevych,Bohdanna Kinasevych,Lists/tbl_fees/110_.000,Lists/tbl_fees,0,https://healthincommon.sharepoint.com/Lists/tbl_fees/110_.000
111,,,,1/31/2022,"6,750.00",,,,111,103,Item,,,,,3/27/2025,3/27/2025,Bohdanna Kinasevych,Bohdanna Kinasevych,Lists/tbl_fees/111_.000,Lists/tbl_fees,0,https://healthincommon.sharepoint.com/Lists/tbl_fees/111_.000
112,,,,1/31/2022,"4,875.00",,,,112,127,Item,,,,,3/27/2025,3/27/2025,Bohdanna Kinasevych,Bohdanna Kinasevych,Lists/tbl_fees/112_.000,Lists/tbl_fees,0,https://healthincommon.sharepoint.com/Lists/tbl_fees/112_.000
113,,,,12/31/2021,"8,950.00",,,,114,134,Item,,,,,3/27/2025,3/27/2025,Bohdanna Kinasevych,Bohdanna Kinasevych,Lists/tbl_fees/113_.000,Lists/tbl_fees,0,https://healthincommon.sharepoint.com/Lists/tbl_fees/113_.000
114,,,,12/20/2021,"9,600.00",,,,115,116,Item,,,,,3/27/2025,3/27/2025,Bohdanna Kinasevych,Bohdanna Kinasevych,Lists/tbl_fees/114_.000,Lists/tbl_fees,0,https://healthincommon.sharepoint.com/Lists/tbl_fees/114_.000
115,,,,12/1/2021,"7,500.00",,,,116,128,Item,,,,,3/27/2025,3/27/2025,Bohdanna Kinasevych,Bohdanna Kinasevych,Lists/tbl_fees/115_.000,Lists/tbl_fees,0,https://healthincommon.sharepoint.com/Lists/tbl_fees/115_.000
116,,,,11/30/2021,"18,060.00",,false,,117,211,Item,,,,,3/27/2025,3/27/2025,Bohdanna Kinasevych,Bohdanna Kinasevych,Lists/tbl_fees/116_.000,Lists/tbl_fees,0,https://healthincommon.sharepoint.com/Lists/tbl_fees/116_.000
117,,,,11/30/2021,"8,875.00",,,,118,157,Item,,,,,3/27/2025,3/27/2025,Bohdanna Kinasevych,Bohdanna Kinasevych,Lists/tbl_fees/117_.000,Lists/tbl_fees,0,https://healthincommon.sharepoint.com/Lists/tbl_fees/117_.000
118,,,,11/30/2021,"5,375.00",,,,119,145,Item,,,,,3/27/2025,3/27/2025,Bohdanna Kinasevych,Bohdanna Kinasevych,Lists/tbl_fees/118_.000,Lists/tbl_fees,0,https://healthincommon.sharepoint.com/Lists/tbl_fees/118_.000
119,,,,11/29/2021,"7,500.00",,,,120,126,Item,,,,,3/27/2025,3/27/2025,Bohdanna Kinasevych,Bohdanna Kinasevych,Lists/tbl_fees/119_.000,Lists/tbl_fees,0,https://healthincommon.sharepoint.com/Lists/tbl_fees/119_.000
120,,,,10/29/2021,"7,500.00",,,,121,141,Item,,,,,3/27/2025,3/27/2025,Bohdanna Kinasevych,Bohdanna Kinasevych,Lists/tbl_fees/120_.000,Lists/tbl_fees,0,https://healthincommon.sharepoint.com/Lists/tbl_fees/120_.000
121,,,,10/21/2021,"10,750.00",,,,122,140,Item,,,,,3/27/2025,3/27/2025,Bohdanna Kinasevych,Bohdanna Kinasevych,Lists/tbl_fees/121_.000,Lists/tbl_fees,0,https://healthincommon.sharepoint.com/Lists/tbl_fees/121_.000
122,,,,10/20/2021,"6,600.00",,false,,123,115,Item,,,,,3/27/2025,3/27/2025,Bohdanna Kinasevych,Bohdanna Kinasevych,Lists/tbl_fees/122_.000,Lists/tbl_fees,0,https://healthincommon.sharepoint.com/Lists/tbl_fees/122_.000
123,,,,10/20/2021,"6,600.00",,,,124,112,Item,,,,,3/27/2025,3/27/2025,Bohdanna Kinasevych,Bohdanna Kinasevych,Lists/tbl_fees/123_.000,Lists/tbl_fees,0,https://healthincommon.sharepoint.com/Lists/tbl_fees/123_.000
124,,,,10/1/2021,"9,550.00",,,Phase 1 fee,125,101,Item,,,,,3/27/2025,3/27/2025,Bohdanna Kinasevych,Bohdanna Kinasevych,Lists/tbl_fees/124_.000,Lists/tbl_fees,0,https://healthincommon.sharepoint.com/Lists/tbl_fees/124_.000
125,,,,9/30/2021,"7,400.00",,false,,126,176,Item,,,,,3/27/2025,3/27/2025,Bohdanna Kinasevych,Bohdanna Kinasevych,Lists/tbl_fees/125_.000,Lists/tbl_fees,0,https://healthincommon.sharepoint.com/Lists/tbl_fees/125_.000
126,,,,9/30/2021,"3,125.00",,,,127,136,Item,,,,,3/27/2025,3/27/2025,Bohdanna Kinasevych,Bohdanna Kinasevych,Lists/tbl_fees/126_.000,Lists/tbl_fees,0,https://healthincommon.sharepoint.com/Lists/tbl_fees/126_.000
127,,,,9/23/2021,750.00,,,,128,137,Item,,,,,3/27/2025,3/27/2025,Bohdanna Kinasevych,Bohdanna Kinasevych,Lists/tbl_fees/127_.000,Lists/tbl_fees,0,https://healthincommon.sharepoint.com/Lists/tbl_fees/127_.000
128,,,,9/21/2021,"2,500.00",,,,129,144,Item,,,,,3/27/2025,3/27/2025,Bohdanna Kinasevych,Bohdanna Kinasevych,Lists/tbl_fees/128_.000,Lists/tbl_fees,0,https://healthincommon.sharepoint.com/Lists/tbl_fees/128_.000
129,,,,9/21/2021,"6,750.00",,,,130,103,Item,,,,,3/27/2025,3/27/2025,Bohdanna Kinasevych,Bohdanna Kinasevych,Lists/tbl_fees/129_.000,Lists/tbl_fees,0,https://healthincommon.sharepoint.com/Lists/tbl_fees/129_.000
130,,,,8/31/2021,"5,625.00",,,,131,146,Item,,,,,3/27/2025,3/27/2025,Bohdanna Kinasevych,Bohdanna Kinasevych,Lists/tbl_fees/130_.000,Lists/tbl_fees,0,https://healthincommon.sharepoint.com/Lists/tbl_fees/130_.000
131,,,,8/27/2021,"7,500.00",,,,132,141,Item,,,,,3/27/2025,3/27/2025,Bohdanna Kinasevych,Bohdanna Kinasevych,Lists/tbl_fees/131_.000,Lists/tbl_fees,0,https://healthincommon.sharepoint.com/Lists/tbl_fees/131_.000
132,,,,8/2/2021,"5,225.00",,,,133,138,Item,,,,,3/27/2025,3/27/2025,Bohdanna Kinasevych,Bohdanna Kinasevych,Lists/tbl_fees/132_.000,Lists/tbl_fees,0,https://healthincommon.sharepoint.com/Lists/tbl_fees/132_.000
133,,,,7/30/2021,"6,300.00",,false,,134,193,Item,,,,,3/27/2025,3/27/2025,Bohdanna Kinasevych,Bohdanna Kinasevych,Lists/tbl_fees/133_.000,Lists/tbl_fees,0,https://healthincommon.sharepoint.com/Lists/tbl_fees/133_.000
134,,,,7/30/2021,"4,875.00",,,,135,159,Item,,,,,3/27/2025,3/27/2025,Bohdanna Kinasevych,Bohdanna Kinasevych,Lists/tbl_fees/134_.000,Lists/tbl_fees,0,https://healthincommon.sharepoint.com/Lists/tbl_fees/134_.000
135,,,,7/30/2021,"5,375.00",,,,136,145,Item,,,,,3/27/2025,3/27/2025,Bohdanna Kinasevych,Bohdanna Kinasevych,Lists/tbl_fees/135_.000,Lists/tbl_fees,0,https://healthincommon.sharepoint.com/Lists/tbl_fees/135_.000
136,,,,6/30/2021,"8,875.00",,,,137,157,Item,,,,,3/27/2025,3/27/2025,Bohdanna Kinasevych,Bohdanna Kinasevych,Lists/tbl_fees/136_.000,Lists/tbl_fees,0,https://healthincommon.sharepoint.com/Lists/tbl_fees/136_.000
137,,,,6/8/2021,"1,500.00",,,,138,118,Item,,,,,3/27/2025,3/27/2025,Bohdanna Kinasevych,Bohdanna Kinasevych,Lists/tbl_fees/137_.000,Lists/tbl_fees,0,https://healthincommon.sharepoint.com/Lists/tbl_fees/137_.000
138,,,,6/1/2021,"5,700.00",,false,,139,170,Item,,,,,3/27/2025,3/27/2025,Bohdanna Kinasevych,Bohdanna Kinasevych,Lists/tbl_fees/138_.000,Lists/tbl_fees,0,https://healthincommon.sharepoint.com/Lists/tbl_fees/138_.000
139,,,,5/28/2021,300.00,,,,140,139,Item,,,,,3/27/2025,3/27/2025,Bohdanna Kinasevych,Bohdanna Kinasevych,Lists/tbl_fees/139_.000,Lists/tbl_fees,0,https://healthincommon.sharepoint.com/Lists/tbl_fees/139_.000
140,,,,5/27/2021,"6,600.00",,,,141,110,Item,,,,,3/27/2025,3/27/2025,Bohdanna Kinasevych,Bohdanna Kinasevych,Lists/tbl_fees/140_.000,Lists/tbl_fees,0,https://healthincommon.sharepoint.com/Lists/tbl_fees/140_.000
141,,,,5/4/2021,"3,600.00",,false,,142,114,Item,,,,,3/27/2025,3/27/2025,Bohdanna Kinasevych,Bohdanna Kinasevych,Lists/tbl_fees/141_.000,Lists/tbl_fees,0,https://healthincommon.sharepoint.com/Lists/tbl_fees/141_.000
142,,,,4/30/2021,"6,300.00",,false,,143,193,Item,,,,,3/27/2025,3/27/2025,Bohdanna Kinasevych,Bohdanna Kinasevych,Lists/tbl_fees/142_.000,Lists/tbl_fees,0,https://healthincommon.sharepoint.com/Lists/tbl_fees/142_.000
143,,,,4/30/2021,"1,800.00",,,,144,111,Item,,,,,3/27/2025,3/27/2025,Bohdanna Kinasevych,Bohdanna Kinasevych,Lists/tbl_fees/143_.000,Lists/tbl_fees,0,https://healthincommon.sharepoint.com/Lists/tbl_fees/143_.000
144,,,,4/23/2021,"4,875.00",,,,145,159,Item,,,,,3/27/2025,3/27/2025,Bohdanna Kinasevych,Bohdanna Kinasevych,Lists/tbl_fees/144_.000,Lists/tbl_fees,0,https://healthincommon.sharepoint.com/Lists/tbl_fees/144_.000
145,,,,3/31/2021,"15,000.00",,false,,146,288,Item,,,,,3/27/2025,3/27/2025,Bohdanna Kinasevych,Bohdanna Kinasevych,Lists/tbl_fees/145_.000,Lists/tbl_fees,0,https://healthincommon.sharepoint.com/Lists/tbl_fees/145_.000
146,,,,3/31/2021,"8,369.00",,false,,147,287,Item,,,,,3/27/2025,3/27/2025,Bohdanna Kinasevych,Bohdanna Kinasevych,Lists/tbl_fees/146_.000,Lists/tbl_fees,0,https://healthincommon.sharepoint.com/Lists/tbl_fees/146_.000
147,,,,3/31/2021,"34,666.00",,false,,148,422,Item,,,,,3/27/2025,3/27/2025,Bohdanna Kinasevych,Bohdanna Kinasevych,Lists/tbl_fees/147_.000,Lists/tbl_fees,0,https://healthincommon.sharepoint.com/Lists/tbl_fees/147_.000
148,,,,3/31/2021,"22,500.00",,false,,149,305,Item,,,,,3/27/2025,3/27/2025,Bohdanna Kinasevych,Bohdanna Kinasevych,Lists/tbl_fees/148_.000,Lists/tbl_fees,0,https://healthincommon.sharepoint.com/Lists/tbl_fees/148_.000
149,,,,3/31/2021,"2,400.00",,false,,150,184,Item,,,,,3/27/2025,3/27/2025,Bohdanna Kinasevych,Bohdanna Kinasevych,Lists/tbl_fees/149_.000,Lists/tbl_fees,0,https://healthincommon.sharepoint.com/Lists/tbl_fees/149_.000
150,,,,3/31/2021,900.00,,false,,151,178,Item,,,,,3/27/2025,3/27/2025,Bohdanna Kinasevych,Bohdanna Kinasevych,Lists/tbl_fees/150_.000,Lists/tbl_fees,0,https://healthincommon.sharepoint.com/Lists/tbl_fees/150_.000
151,,,,3/31/2021,"4,900.00",,false,Granny's House 2nd payment,152,187,Item,,,,,3/27/2025,3/27/2025,Bohdanna Kinasevych,Bohdanna Kinasevych,Lists/tbl_fees/151_.000,Lists/tbl_fees,0,https://healthincommon.sharepoint.com/Lists/tbl_fees/151_.000
152,,,,3/31/2021,"6,600.00",,,,153,112,Item,,,,,3/27/2025,3/27/2025,Bohdanna Kinasevych,Bohdanna Kinasevych,Lists/tbl_fees/152_.000,Lists/tbl_fees,0,https://healthincommon.sharepoint.com/Lists/tbl_fees/152_.000
153,,,,3/31/2021,"27,000.00",,,pre-paid full amount in FY 2021,154,113,Item,,,,,3/27/2025,3/27/2025,Bohdanna Kinasevych,Bohdanna Kinasevych,Lists/tbl_fees/153_.000,Lists/tbl_fees,0,https://healthincommon.sharepoint.com/Lists/tbl_fees/153_.000
154,,,,3/31/2021,"4,650.00",,,,155,190,Item,,,,,3/27/2025,3/27/2025,Bohdanna Kinasevych,Bohdanna Kinasevych,Lists/tbl_fees/154_.000,Lists/tbl_fees,0,https://healthincommon.sharepoint.com/Lists/tbl_fees/154_.000
155,,,,3/31/2021,"4,761.90",,,Payment 1/3,156,235,Item,,,,,3/27/2025,3/27/2025,Bohdanna Kinasevych,Bohdanna Kinasevych,Lists/tbl_fees/155_.000,Lists/tbl_fees,0,https://healthincommon.sharepoint.com/Lists/tbl_fees/155_.000
156,,,,3/31/2021,"3,840.00",,,,157,108,Item,,,,,3/27/2025,3/27/2025,Bohdanna Kinasevych,Bohdanna Kinasevych,Lists/tbl_fees/156_.000,Lists/tbl_fees,0,https://healthincommon.sharepoint.com/Lists/tbl_fees/156_.000
157,,,,3/31/2021,"7,680.00",,,,158,108,Item,,,,,3/27/2025,3/27/2025,Bohdanna Kinasevych,Bohdanna Kinasevych,Lists/tbl_fees/157_.000,Lists/tbl_fees,0,https://healthincommon.sharepoint.com/Lists/tbl_fees/157_.000
158,,,,3/31/2021,"7,680.00",,,,159,108,Item,,,,,3/27/2025,3/27/2025,Bohdanna Kinasevych,Bohdanna Kinasevych,Lists/tbl_fees/158_.000,Lists/tbl_fees,0,https://healthincommon.sharepoint.com/Lists/tbl_fees/158_.000
159,,,,3/18/2021,"9,600.00",,,,160,116,Item,,,,,3/27/2025,3/27/2025,Bohdanna Kinasevych,Bohdanna Kinasevych,Lists/tbl_fees/159_.000,Lists/tbl_fees,0,https://healthincommon.sharepoint.com/Lists/tbl_fees/159_.000
160,,,,3/11/2021,"4,200.00",,,,161,110,Item,,,,,3/27/2025,3/27/2025,Bohdanna Kinasevych,Bohdanna Kinasevych,Lists/tbl_fees/160_.000,Lists/tbl_fees,0,https://healthincommon.sharepoint.com/Lists/tbl_fees/160_.000
161,,,,3/8/2021,"1,800.00",,,,162,111,Item,,,,,3/27/2025,3/27/2025,Bohdanna Kinasevych,Bohdanna Kinasevych,Lists/tbl_fees/161_.000,Lists/tbl_fees,0,https://healthincommon.sharepoint.com/Lists/tbl_fees/161_.000
162,,,,1/31/2021,"7,400.00",,false,,163,176,Item,,,,,3/27/2025,3/27/2025,Bohdanna Kinasevych,Bohdanna Kinasevych,Lists/tbl_fees/162_.000,Lists/tbl_fees,0,https://healthincommon.sharepoint.com/Lists/tbl_fees/162_.000
163,,,,1/31/2021,"4,000.00",,,,164,186,Item,,,,,3/27/2025,3/27/2025,Bohdanna Kinasevych,Bohdanna Kinasevych,Lists/tbl_fees/163_.000,Lists/tbl_fees,0,https://healthincommon.sharepoint.com/Lists/tbl_fees/163_.000
164,,,,1/28/2021,"18,060.00",,,,165,211,Item,,,,,3/27/2025,3/27/2025,Bohdanna Kinasevych,Bohdanna Kinasevych,Lists/tbl_fees/164_.000,Lists/tbl_fees,0,https://healthincommon.sharepoint.com/Lists/tbl_fees/164_.000
165,,,,1/19/2021,450.00,,,database support (3 hours),166,239,Item,,,,,3/27/2025,3/27/2025,Bohdanna Kinasevych,Bohdanna Kinasevych,Lists/tbl_fees/165_.000,Lists/tbl_fees,0,https://healthincommon.sharepoint.com/Lists/tbl_fees/165_.000
166,,,,1/11/2021,"5,700.00",,false,,167,170,Item,,,,,3/27/2025,3/27/2025,Bohdanna Kinasevych,Bohdanna Kinasevych,Lists/tbl_fees/166_.000,Lists/tbl_fees,0,https://healthincommon.sharepoint.com/Lists/tbl_fees/166_.000
167,,,,1/1/2021,"6,600.00",,false,,168,115,Item,,,,,3/27/2025,3/27/2025,Bohdanna Kinasevych,Bohdanna Kinasevych,Lists/tbl_fees/167_.000,Lists/tbl_fees,0,https://healthincommon.sharepoint.com/Lists/tbl_fees/167_.000
168,,,,1/1/2021,"3,600.00",,false,,169,114,Item,,,,,3/27/2025,3/27/2025,Bohdanna Kinasevych,Bohdanna Kinasevych,Lists/tbl_fees/168_.000,Lists/tbl_fees,0,https://healthincommon.sharepoint.com/Lists/tbl_fees/168_.000
169,,,,12/31/2020,"4,650.00",,false,,170,190,Item,,,,,3/27/2025,3/27/2025,Bohdanna Kinasevych,Bohdanna Kinasevych,Lists/tbl_fees/169_.000,Lists/tbl_fees,0,https://healthincommon.sharepoint.com/Lists/tbl_fees/169_.000
170,,,,12/14/2020,"6,964.00",,false,"Will charge for billable hrs only ($9,000 max). In Dec, invocied for $6,964. $4,200 paid on receipt for hours worked up to Jan 25, 2021. Will pay remainder as hrs worked, extra hrs to be invoiced in 2021",171,179,Item,,,,,3/27/2025,3/27/2025,Bohdanna Kinasevych,Bohdanna Kinasevych,Lists/tbl_fees/170_.000,Lists/tbl_fees,0,https://healthincommon.sharepoint.com/Lists/tbl_fees/170_.000
171,,,,12/12/2020,"6,600.00",,false,,172,205,Item,,,,,3/27/2025,3/27/2025,Bohdanna Kinasevych,Bohdanna Kinasevych,Lists/tbl_fees/171_.000,Lists/tbl_fees,0,https://healthincommon.sharepoint.com/Lists/tbl_fees/171_.000
172,,,,11/30/2020,"1,600.00",,false,,173,180,Item,,,,,3/27/2025,3/27/2025,Bohdanna Kinasevych,Bohdanna Kinasevych,Lists/tbl_fees/172_.000,Lists/tbl_fees,0,https://healthincommon.sharepoint.com/Lists/tbl_fees/172_.000
173,,,,11/23/2020,"4,000.00",,false,,174,186,Item,,,,,3/27/2025,3/27/2025,Bohdanna Kinasevych,Bohdanna Kinasevych,Lists/tbl_fees/173_.000,Lists/tbl_fees,0,https://healthincommon.sharepoint.com/Lists/tbl_fees/173_.000
174,,,,11/1/2020,"6,500.00",,false,,175,191,Item,,,,,3/27/2025,3/27/2025,Bohdanna Kinasevych,Bohdanna Kinasevych,Lists/tbl_fees/174_.000,Lists/tbl_fees,0,https://healthincommon.sharepoint.com/Lists/tbl_fees/174_.000
175,,,,10/31/2020,"16,440.00",,false,20% upfront,176,189,Item,,,,,3/27/2025,3/27/2025,Bohdanna Kinasevych,Bohdanna Kinasevych,Lists/tbl_fees/175_.000,Lists/tbl_fees,0,https://healthincommon.sharepoint.com/Lists/tbl_fees/175_.000
176,,,,10/31/2020,"4,900.00",,false,Granny's House first payment,177,187,Item,,,,,3/27/2025,3/27/2025,Bohdanna Kinasevych,Bohdanna Kinasevych,Lists/tbl_fees/176_.000,Lists/tbl_fees,0,https://healthincommon.sharepoint.com/Lists/tbl_fees/176_.000
177,,,,10/31/2020,"6,450.00",,false,CH 1st payment,178,187,Item,,,,,3/27/2025,3/27/2025,Bohdanna Kinasevych,Bohdanna Kinasevych,Lists/tbl_fees/177_.000,Lists/tbl_fees,0,https://healthincommon.sharepoint.com/Lists/tbl_fees/177_.000
178,,,,10/30/2020,600.00,,,,179,181,Item,,,,,3/27/2025,3/27/2025,Bohdanna Kinasevych,Bohdanna Kinasevych,Lists/tbl_fees/178_.000,Lists/tbl_fees,0,https://healthincommon.sharepoint.com/Lists/tbl_fees/178_.000
179,,,,10/20/2020,825.00,,false,,180,185,Item,,,,,3/27/2025,3/27/2025,Bohdanna Kinasevych,Bohdanna Kinasevych,Lists/tbl_fees/179_.000,Lists/tbl_fees,0,https://healthincommon.sharepoint.com/Lists/tbl_fees/179_.000
180,,,,9/30/2020,"19,800.00",,false,,181,207,Item,,,,,3/27/2025,3/27/2025,Bohdanna Kinasevych,Bohdanna Kinasevych,Lists/tbl_fees/180_.000,Lists/tbl_fees,0,https://healthincommon.sharepoint.com/Lists/tbl_fees/180_.000
181,,,,9/30/2020,"5,400.00",,false,,182,244,Item,,,,,3/27/2025,3/27/2025,Bohdanna Kinasevych,Bohdanna Kinasevych,Lists/tbl_fees/181_.000,Lists/tbl_fees,0,https://healthincommon.sharepoint.com/Lists/tbl_fees/181_.000
182,,,,9/30/2020,"9,500.00",,false,,183,245,Item,,,,,3/27/2025,3/27/2025,Bohdanna Kinasevych,Bohdanna Kinasevych,Lists/tbl_fees/182_.000,Lists/tbl_fees,0,https://healthincommon.sharepoint.com/Lists/tbl_fees/182_.000
183,,,,9/30/2020,"4,700.00",,false,,184,199,Item,,,,,3/27/2025,3/27/2025,Bohdanna Kinasevych,Bohdanna Kinasevych,Lists/tbl_fees/183_.000,Lists/tbl_fees,0,https://healthincommon.sharepoint.com/Lists/tbl_fees/183_.000
184,,,,9/30/2020,"1,650.00",,false,,185,194,Item,,,,,3/27/2025,3/27/2025,Bohdanna Kinasevych,Bohdanna Kinasevych,Lists/tbl_fees/184_.000,Lists/tbl_fees,0,https://healthincommon.sharepoint.com/Lists/tbl_fees/184_.000
185,,,,8/31/2020,"6,600.00",,false,,186,209,Item,,,,,3/27/2025,3/27/2025,Bohdanna Kinasevych,Bohdanna Kinasevych,Lists/tbl_fees/185_.000,Lists/tbl_fees,0,https://healthincommon.sharepoint.com/Lists/tbl_fees/185_.000
186,,,,7/31/2020,"1,500.00",,false,,187,234,Item,,,,,3/27/2025,3/27/2025,Bohdanna Kinasevych,Bohdanna Kinasevych,Lists/tbl_fees/186_.000,Lists/tbl_fees,0,https://healthincommon.sharepoint.com/Lists/tbl_fees/186_.000
187,,,,7/31/2020,"1,800.00",,false,Phase 1,188,197,Item,,,,,3/27/2025,3/27/2025,Bohdanna Kinasevych,Bohdanna Kinasevych,Lists/tbl_fees/187_.000,Lists/tbl_fees,0,https://healthincommon.sharepoint.com/Lists/tbl_fees/187_.000
188,,,,6/30/2020,"7,900.00",,false,,189,237,Item,,,,,3/27/2025,3/27/2025,Bohdanna Kinasevych,Bohdanna Kinasevych,Lists/tbl_fees/188_.000,Lists/tbl_fees,0,https://healthincommon.sharepoint.com/Lists/tbl_fees/188_.000
189,,,,6/8/2020,825.00,,false,,190,280,Item,,,,,3/27/2025,3/27/2025,Bohdanna Kinasevych,Bohdanna Kinasevych,Lists/tbl_fees/189_.000,Lists/tbl_fees,0,https://healthincommon.sharepoint.com/Lists/tbl_fees/189_.000
190,,,,5/29/2020,"14,800.00",,false,,191,281,Item,,,,,3/27/2025,3/27/2025,Bohdanna Kinasevych,Bohdanna Kinasevych,Lists/tbl_fees/190_.000,Lists/tbl_fees,0,https://healthincommon.sharepoint.com/Lists/tbl_fees/190_.000
191,,,,5/29/2020,"7,800.00",,false,,192,247,Item,,,,,3/27/2025,3/27/2025,Bohdanna Kinasevych,Bohdanna Kinasevych,Lists/tbl_fees/191_.000,Lists/tbl_fees,0,https://healthincommon.sharepoint.com/Lists/tbl_fees/191_.000
192,,,,4/30/2020,"1,800.00",,false,,193,236,Item,,,,,3/27/2025,3/27/2025,Bohdanna Kinasevych,Bohdanna Kinasevych,Lists/tbl_fees/192_.000,Lists/tbl_fees,0,https://healthincommon.sharepoint.com/Lists/tbl_fees/192_.000
193,,,,3/31/2020,"10,000.00",,false,,194,288,Item,,,,,3/27/2025,3/27/2025,Bohdanna Kinasevych,Bohdanna Kinasevych,Lists/tbl_fees/193_.000,Lists/tbl_fees,0,https://healthincommon.sharepoint.com/Lists/tbl_fees/193_.000
194,,,,3/31/2020,"9,500.00",,false,,195,287,Item,,,,,3/27/2025,3/27/2025,Bohdanna Kinasevych,Bohdanna Kinasevych,Lists/tbl_fees/194_.000,Lists/tbl_fees,0,https://healthincommon.sharepoint.com/Lists/tbl_fees/194_.000
195,,,,3/31/2020,"34,666.00",,false,,196,422,Item,,,,,3/27/2025,3/27/2025,Bohdanna Kinasevych,Bohdanna Kinasevych,Lists/tbl_fees/195_.000,Lists/tbl_fees,0,https://healthincommon.sharepoint.com/Lists/tbl_fees/195_.000
196,,,,3/31/2020,"16,875.00",,false,,197,305,Item,,,,,3/27/2025,3/27/2025,Bohdanna Kinasevych,Bohdanna Kinasevych,Lists/tbl_fees/196_.000,Lists/tbl_fees,0,https://healthincommon.sharepoint.com/Lists/tbl_fees/196_.000
197,,,,3/31/2020,"15,000.00",,false,,198,269,Item,,,,,3/27/2025,3/27/2025,Bohdanna Kinasevych,Bohdanna Kinasevych,Lists/tbl_fees/197_.000,Lists/tbl_fees,0,https://healthincommon.sharepoint.com/Lists/tbl_fees/197_.000
198,,,,3/31/2020,"9,600.00",,false,,199,251,Item,,,,,3/27/2025,3/27/2025,Bohdanna Kinasevych,Bohdanna Kinasevych,Lists/tbl_fees/198_.000,Lists/tbl_fees,0,https://healthincommon.sharepoint.com/Lists/tbl_fees/198_.000
199,,,,3/31/2020,"13,650.00",,false,,200,248,Item,,,,,3/27/2025,3/27/2025,Bohdanna Kinasevych,Bohdanna Kinasevych,Lists/tbl_fees/199_.000,Lists/tbl_fees,0,https://healthincommon.sharepoint.com/Lists/tbl_fees/199_.000
200,,,,3/31/2020,"6,600.00",,false,,201,265,Item,,,,,3/27/2025,3/27/2025,Bohdanna Kinasevych,Bohdanna Kinasevych,Lists/tbl_fees/200_.000,Lists/tbl_fees,0,https://healthincommon.sharepoint.com/Lists/tbl_fees/200_.000
201,,,,3/31/2020,"6,000.00",,false,,202,203,Item,,,,,3/27/2025,3/27/2025,Bohdanna Kinasevych,Bohdanna Kinasevych,Lists/tbl_fees/201_.000,Lists/tbl_fees,0,https://healthincommon.sharepoint.com/Lists/tbl_fees/201_.000
202,,,,3/31/2020,150.00,,false,gift cards (recorded as fees),203,422,Item,,,,,3/27/2025,3/27/2025,Bohdanna Kinasevych,Bohdanna Kinasevych,Lists/tbl_fees/202_.000,Lists/tbl_fees,0,https://healthincommon.sharepoint.com/Lists/tbl_fees/202_.000
203,,,,2/28/2020,"8,500.00",,false,,204,346,Item,,,,,3/27/2025,3/27/2025,Bohdanna Kinasevych,Bohdanna Kinasevych,Lists/tbl_fees/203_.000,Lists/tbl_fees,0,https://healthincommon.sharepoint.com/Lists/tbl_fees/203_.000
204,,,,2/28/2020,"9,600.00",,false,,205,253,Item,,,,,3/27/2025,3/27/2025,Bohdanna Kinasevych,Bohdanna Kinasevych,Lists/tbl_fees/204_.000,Lists/tbl_fees,0,https://healthincommon.sharepoint.com/Lists/tbl_fees/204_.000
205,,,,1/31/2020,"1,200.00",,false,,206,206,Item,,,,,3/27/2025,3/27/2025,Bohdanna Kinasevych,Bohdanna Kinasevych,Lists/tbl_fees/205_.000,Lists/tbl_fees,0,https://healthincommon.sharepoint.com/Lists/tbl_fees/205_.000
206,,,,1/14/2020,"2,400.00",,false,,207,259,Item,,,,,3/27/2025,3/27/2025,Bohdanna Kinasevych,Bohdanna Kinasevych,Lists/tbl_fees/206_.000,Lists/tbl_fees,0,https://healthincommon.sharepoint.com/Lists/tbl_fees/206_.000
207,,,,12/31/2019,"20,190.00",,false,,208,233,Item,,,,,3/27/2025,3/27/2025,Bohdanna Kinasevych,Bohdanna Kinasevych,Lists/tbl_fees/207_.000,Lists/tbl_fees,0,https://healthincommon.sharepoint.com/Lists/tbl_fees/207_.000
208,,,,12/31/2019,"6,500.00",,false,,209,276,Item,,,,,3/27/2025,3/27/2025,Bohdanna Kinasevych,Bohdanna Kinasevych,Lists/tbl_fees/208_.000,Lists/tbl_fees,0,https://healthincommon.sharepoint.com/Lists/tbl_fees/208_.000
209,,,,12/31/2019,"1,500.00",,false,,210,204,Item,,,,,3/27/2025,3/27/2025,Bohdanna Kinasevych,Bohdanna Kinasevych,Lists/tbl_fees/209_.000,Lists/tbl_fees,0,https://healthincommon.sharepoint.com/Lists/tbl_fees/209_.000
210,,,,11/30/2019,"5,600.00",,false,,211,276,Item,,,,,3/27/2025,3/27/2025,Bohdanna Kinasevych,Bohdanna Kinasevych,Lists/tbl_fees/210_.000,Lists/tbl_fees,0,https://healthincommon.sharepoint.com/Lists/tbl_fees/210_.000
211,,,,11/6/2019,"1,800.00",,false,,212,249,Item,,,,,3/27/2025,3/27/2025,Bohdanna Kinasevych,Bohdanna Kinasevych,Lists/tbl_fees/211_.000,Lists/tbl_fees,0,https://healthincommon.sharepoint.com/Lists/tbl_fees/211_.000
212,,,,10/31/2019,"14,300.00",,false,,213,268,Item,,,,,3/27/2025,3/27/2025,Bohdanna Kinasevych,Bohdanna Kinasevych,Lists/tbl_fees/212_.000,Lists/tbl_fees,0,https://healthincommon.sharepoint.com/Lists/tbl_fees/212_.000
213,,,,10/24/2019,"7,000.00",,false,,214,215,Item,,,,,3/27/2025,3/27/2025,Bohdanna Kinasevych,Bohdanna Kinasevych,Lists/tbl_fees/213_.000,Lists/tbl_fees,0,https://healthincommon.sharepoint.com/Lists/tbl_fees/213_.000
214,,,,9/30/2019,"2,500.00",,false,,215,270,Item,,,,,3/27/2025,3/27/2025,Bohdanna Kinasevych,Bohdanna Kinasevych,Lists/tbl_fees/214_.000,Lists/tbl_fees,0,https://healthincommon.sharepoint.com/Lists/tbl_fees/214_.000
215,,,,8/31/2019,"3,400.00",,false,,216,276,Item,,,,,3/27/2025,3/27/2025,Bohdanna Kinasevych,Bohdanna Kinasevych,Lists/tbl_fees/215_.000,Lists/tbl_fees,0,https://healthincommon.sharepoint.com/Lists/tbl_fees/215_.000
216,,,,7/31/2019,"4,200.00",,false,,217,263,Item,,,,,3/27/2025,3/27/2025,Bohdanna Kinasevych,Bohdanna Kinasevych,Lists/tbl_fees/216_.000,Lists/tbl_fees,0,https://healthincommon.sharepoint.com/Lists/tbl_fees/216_.000
217,,,,7/15/2019,600.00,,false,,218,254,Item,,,,,3/27/2025,3/27/2025,Bohdanna Kinasevych,Bohdanna Kinasevych,Lists/tbl_fees/217_.000,Lists/tbl_fees,0,https://healthincommon.sharepoint.com/Lists/tbl_fees/217_.000
218,,,,7/12/2019,"4,200.00",,false,,219,257,Item,,,,,3/27/2025,3/27/2025,Bohdanna Kinasevych,Bohdanna Kinasevych,Lists/tbl_fees/218_.000,Lists/tbl_fees,0,https://healthincommon.sharepoint.com/Lists/tbl_fees/218_.000
219,,,,6/30/2019,"13,187.50",,false,,220,280,Item,,,,,3/27/2025,3/27/2025,Bohdanna Kinasevych,Bohdanna Kinasevych,Lists/tbl_fees/219_.000,Lists/tbl_fees,0,https://healthincommon.sharepoint.com/Lists/tbl_fees/219_.000
220,,,,6/30/2019,700.00,,false,,221,260,Item,,,,,3/27/2025,3/27/2025,Bohdanna Kinasevych,Bohdanna Kinasevych,Lists/tbl_fees/220_.000,Lists/tbl_fees,0,https://healthincommon.sharepoint.com/Lists/tbl_fees/220_.000
221,,,,6/30/2019,"1,200.00",,false,,222,212,Item,,,,,3/27/2025,3/27/2025,Bohdanna Kinasevych,Bohdanna Kinasevych,Lists/tbl_fees/221_.000,Lists/tbl_fees,0,https://healthincommon.sharepoint.com/Lists/tbl_fees/221_.000
222,,,,6/29/2019,"14,750.00",,false,,223,230,Item,,,,,3/27/2025,3/27/2025,Bohdanna Kinasevych,Bohdanna Kinasevych,Lists/tbl_fees/222_.000,Lists/tbl_fees,0,https://healthincommon.sharepoint.com/Lists/tbl_fees/222_.000
223,,,,5/31/2019,"2,592.00",,false,,224,255,Item,,,,,3/27/2025,3/27/2025,Bohdanna Kinasevych,Bohdanna Kinasevych,Lists/tbl_fees/223_.000,Lists/tbl_fees,0,https://healthincommon.sharepoint.com/Lists/tbl_fees/223_.000
224,,,,5/3/2019,"15,000.00",,false,,225,225,Item,,,,,3/27/2025,3/27/2025,Bohdanna Kinasevych,Bohdanna Kinasevych,Lists/tbl_fees/224_.000,Lists/tbl_fees,0,https://healthincommon.sharepoint.com/Lists/tbl_fees/224_.000
225,,,,4/30/2019,"1,800.00",,false,,226,267,Item,,,,,3/27/2025,3/27/2025,Bohdanna Kinasevych,Bohdanna Kinasevych,Lists/tbl_fees/225_.000,Lists/tbl_fees,0,https://healthincommon.sharepoint.com/Lists/tbl_fees/225_.000
226,,,,3/31/2019,"4,750.00",,false,,227,291,Item,,,,,3/27/2025,3/27/2025,Bohdanna Kinasevych,Bohdanna Kinasevych,Lists/tbl_fees/226_.000,Lists/tbl_fees,0,https://healthincommon.sharepoint.com/Lists/tbl_fees/226_.000
227,,,,3/31/2019,"5,700.00",,false,,228,218,Item,,,,,3/27/2025,3/27/2025,Bohdanna Kinasevych,Bohdanna Kinasevych,Lists/tbl_fees/227_.000,Lists/tbl_fees,0,https://healthincommon.sharepoint.com/Lists/tbl_fees/227_.000
228,,,,3/31/2019,"15,000.00",,false,,229,288,Item,,,,,3/27/2025,3/27/2025,Bohdanna Kinasevych,Bohdanna Kinasevych,Lists/tbl_fees/228_.000,Lists/tbl_fees,0,https://healthincommon.sharepoint.com/Lists/tbl_fees/228_.000
229,,,,3/31/2019,"4,895.24",,false,,230,287,Item,,,,,3/27/2025,3/27/2025,Bohdanna Kinasevych,Bohdanna Kinasevych,Lists/tbl_fees/229_.000,Lists/tbl_fees,0,https://healthincommon.sharepoint.com/Lists/tbl_fees/229_.000
230,,,,3/31/2019,"15,000.00",,false,,231,225,Item,,,,,3/27/2025,3/27/2025,Bohdanna Kinasevych,Bohdanna Kinasevych,Lists/tbl_fees/230_.000,Lists/tbl_fees,0,https://healthincommon.sharepoint.com/Lists/tbl_fees/230_.000
231,,,,3/31/2019,"7,200.00",,false,,232,280,Item,,,,,3/27/2025,3/27/2025,Bohdanna Kinasevych,Bohdanna Kinasevych,Lists/tbl_fees/231_.000,Lists/tbl_fees,0,https://healthincommon.sharepoint.com/Lists/tbl_fees/231_.000
232,,,,3/31/2019,"10,000.00",,false,,233,266,Item,,,,,3/27/2025,3/27/2025,Bohdanna Kinasevych,Bohdanna Kinasevych,Lists/tbl_fees/232_.000,Lists/tbl_fees,0,https://healthincommon.sharepoint.com/Lists/tbl_fees/232_.000
233,,,,3/31/2019,"5,000.00",,false,,234,213,Item,,,,,3/27/2025,3/27/2025,Bohdanna Kinasevych,Bohdanna Kinasevych,Lists/tbl_fees/233_.000,Lists/tbl_fees,0,https://healthincommon.sharepoint.com/Lists/tbl_fees/233_.000
234,,,,3/31/2019,"38,476.00",,false,,235,422,Item,,,,,3/27/2025,3/27/2025,Bohdanna Kinasevych,Bohdanna Kinasevych,Lists/tbl_fees/234_.000,Lists/tbl_fees,0,https://healthincommon.sharepoint.com/Lists/tbl_fees/234_.000
235,,,,3/31/2019,"22,500.00",,false,,236,305,Item,,,,,3/27/2025,3/27/2025,Bohdanna Kinasevych,Bohdanna Kinasevych,Lists/tbl_fees/235_.000,Lists/tbl_fees,0,https://healthincommon.sharepoint.com/Lists/tbl_fees/235_.000
236,,,,3/31/2019,"1,200.00",,false,,237,346,Item,,,,,3/27/2025,3/27/2025,Bohdanna Kinasevych,Bohdanna Kinasevych,Lists/tbl_fees/236_.000,Lists/tbl_fees,0,https://healthincommon.sharepoint.com/Lists/tbl_fees/236_.000
237,,,,3/29/2019,"11,600.00",,false,,238,277,Item,,,,,3/27/2025,3/27/2025,Bohdanna Kinasevych,Bohdanna Kinasevych,Lists/tbl_fees/237_.000,Lists/tbl_fees,0,https://healthincommon.sharepoint.com/Lists/tbl_fees/237_.000
238,,,,3/29/2019,750.00,,false,,239,273,Item,,,,,3/27/2025,3/27/2025,Bohdanna Kinasevych,Bohdanna Kinasevych,Lists/tbl_fees/238_.000,Lists/tbl_fees,0,https://healthincommon.sharepoint.com/Lists/tbl_fees/238_.000
239,,,,3/7/2019,"3,600.00",,false,,240,223,Item,,,,,3/27/2025,3/27/2025,Bohdanna Kinasevych,Bohdanna Kinasevych,Lists/tbl_fees/239_.000,Lists/tbl_fees,0,https://healthincommon.sharepoint.com/Lists/tbl_fees/239_.000
240,,,,2/28/2019,"5,700.00",,false,,241,218,Item,,,,,3/27/2025,3/27/2025,Bohdanna Kinasevych,Bohdanna Kinasevych,Lists/tbl_fees/240_.000,Lists/tbl_fees,0,https://healthincommon.sharepoint.com/Lists/tbl_fees/240_.000
241,,,,2/7/2019,450.00,,false,,242,274,Item,,,,,3/27/2025,3/27/2025,Bohdanna Kinasevych,Bohdanna Kinasevych,Lists/tbl_fees/241_.000,Lists/tbl_fees,0,https://healthincommon.sharepoint.com/Lists/tbl_fees/241_.000
242,,,,2/6/2019,"4,999.00",,false,,243,317,Item,,,,,3/27/2025,3/27/2025,Bohdanna Kinasevych,Bohdanna Kinasevych,Lists/tbl_fees/242_.000,Lists/tbl_fees,0,https://healthincommon.sharepoint.com/Lists/tbl_fees/242_.000
243,,,,1/31/2019,"8,400.00",,false,,244,229,Item,,,,,3/27/2025,3/27/2025,Bohdanna Kinasevych,Bohdanna Kinasevych,Lists/tbl_fees/243_.000,Lists/tbl_fees,0,https://healthincommon.sharepoint.com/Lists/tbl_fees/243_.000
244,,,,1/31/2019,"4,200.00",,false,,245,294,Item,,,,,3/27/2025,3/27/2025,Bohdanna Kinasevych,Bohdanna Kinasevych,Lists/tbl_fees/244_.000,Lists/tbl_fees,0,https://healthincommon.sharepoint.com/Lists/tbl_fees/244_.000
245,,,,12/31/2018,"14,857.14",,false,,246,233,Item,,,,,3/27/2025,3/27/2025,Bohdanna Kinasevych,Bohdanna Kinasevych,Lists/tbl_fees/245_.000,Lists/tbl_fees,0,https://healthincommon.sharepoint.com/Lists/tbl_fees/245_.000
246,,,,12/21/2018,"15,000.00",,false,,247,290,Item,,,,,3/27/2025,3/27/2025,Bohdanna Kinasevych,Bohdanna Kinasevych,Lists/tbl_fees/246_.000,Lists/tbl_fees,0,https://healthincommon.sharepoint.com/Lists/tbl_fees/246_.000
247,,,,12/19/2018,"1,200.00",,false,,248,221,Item,,,,,3/27/2025,3/27/2025,Bohdanna Kinasevych,Bohdanna Kinasevych,Lists/tbl_fees/247_.000,Lists/tbl_fees,0,https://healthincommon.sharepoint.com/Lists/tbl_fees/247_.000
248,,,,12/14/2018,500.00,,false,,249,289,Item,,,,,3/27/2025,3/27/2025,Bohdanna Kinasevych,Bohdanna Kinasevych,Lists/tbl_fees/248_.000,Lists/tbl_fees,0,https://healthincommon.sharepoint.com/Lists/tbl_fees/248_.000
249,,,,11/14/2018,"10,800.00",,false,,250,359,Item,,,,,3/27/2025,3/27/2025,Bohdanna Kinasevych,Bohdanna Kinasevych,Lists/tbl_fees/249_.000,Lists/tbl_fees,0,https://healthincommon.sharepoint.com/Lists/tbl_fees/249_.000
250,,,,11/9/2018,"10,000.00",,false,,251,326,Item,,,,,3/27/2025,3/27/2025,Bohdanna Kinasevych,Bohdanna Kinasevych,Lists/tbl_fees/250_.000,Lists/tbl_fees,0,https://healthincommon.sharepoint.com/Lists/tbl_fees/250_.000
251,,,,10/31/2018,"15,000.00",,false,,252,297,Item,,,,,3/27/2025,3/27/2025,Bohdanna Kinasevych,Bohdanna Kinasevych,Lists/tbl_fees/251_.000,Lists/tbl_fees,0,https://healthincommon.sharepoint.com/Lists/tbl_fees/251_.000
252,,,,10/31/2018,"11,500.00",,false,,253,377,Item,,,,,3/27/2025,3/27/2025,Bohdanna Kinasevych,Bohdanna Kinasevych,Lists/tbl_fees/252_.000,Lists/tbl_fees,0,https://healthincommon.sharepoint.com/Lists/tbl_fees/252_.000
253,,,,10/25/2018,"4,250.00",,false,,254,287,Item,,,,,3/27/2025,3/27/2025,Bohdanna Kinasevych,Bohdanna Kinasevych,Lists/tbl_fees/253_.000,Lists/tbl_fees,0,https://healthincommon.sharepoint.com/Lists/tbl_fees/253_.000
254,,,,9/30/2018,"1,200.00",,false,,255,222,Item,,,,,3/27/2025,3/27/2025,Bohdanna Kinasevych,Bohdanna Kinasevych,Lists/tbl_fees/254_.000,Lists/tbl_fees,0,https://healthincommon.sharepoint.com/Lists/tbl_fees/254_.000
255,,,,7/31/2018,"1,500.00",,false,,256,231,Item,,,,,3/27/2025,3/27/2025,Bohdanna Kinasevych,Bohdanna Kinasevych,Lists/tbl_fees/255_.000,Lists/tbl_fees,0,https://healthincommon.sharepoint.com/Lists/tbl_fees/255_.000
256,,,,7/27/2018,"14,000.00",,false,,257,336,Item,,,,,3/27/2025,3/27/2025,Bohdanna Kinasevych,Bohdanna Kinasevych,Lists/tbl_fees/256_.000,Lists/tbl_fees,0,https://healthincommon.sharepoint.com/Lists/tbl_fees/256_.000
257,,,,5/31/2018,"12,500.00",,false,,258,299,Item,,,,,3/27/2025,3/27/2025,Bohdanna Kinasevych,Bohdanna Kinasevych,Lists/tbl_fees/257_.000,Lists/tbl_fees,0,https://healthincommon.sharepoint.com/Lists/tbl_fees/257_.000
258,,,,5/31/2018,"1,200.00",,false,,259,318,Item,,,,,3/27/2025,3/27/2025,Bohdanna Kinasevych,Bohdanna Kinasevych,Lists/tbl_fees/258_.000,Lists/tbl_fees,0,https://healthincommon.sharepoint.com/Lists/tbl_fees/258_.000
259,,,,4/30/2018,"12,250.00",,false,,260,360,Item,,,,,3/27/2025,3/27/2025,Bohdanna Kinasevych,Bohdanna Kinasevych,Lists/tbl_fees/259_.000,Lists/tbl_fees,0,https://healthincommon.sharepoint.com/Lists/tbl_fees/259_.000
260,,,,4/30/2018,"7,200.00",,false,,261,344,Item,,,,,3/27/2025,3/27/2025,Bohdanna Kinasevych,Bohdanna Kinasevych,Lists/tbl_fees/260_.000,Lists/tbl_fees,0,https://healthincommon.sharepoint.com/Lists/tbl_fees/260_.000
261,,,,3/31/2018,"5,000.00",,false,,262,353,Item,,,,,3/27/2025,3/27/2025,Bohdanna Kinasevych,Bohdanna Kinasevych,Lists/tbl_fees/261_.000,Lists/tbl_fees,0,https://healthincommon.sharepoint.com/Lists/tbl_fees/261_.000
262,,,,3/31/2018,"44,793.00",,false,,263,422,Item,,,,,3/27/2025,3/27/2025,Bohdanna Kinasevych,Bohdanna Kinasevych,Lists/tbl_fees/262_.000,Lists/tbl_fees,0,https://healthincommon.sharepoint.com/Lists/tbl_fees/262_.000
263,,,,3/31/2018,"22,500.00",,false,,264,305,Item,,,,,3/27/2025,3/27/2025,Bohdanna Kinasevych,Bohdanna Kinasevych,Lists/tbl_fees/263_.000,Lists/tbl_fees,0,https://healthincommon.sharepoint.com/Lists/tbl_fees/263_.000
264,,,,3/31/2018,"5,750.00",,false,,265,377,Item,,,,,3/27/2025,3/27/2025,Bohdanna Kinasevych,Bohdanna Kinasevych,Lists/tbl_fees/264_.000,Lists/tbl_fees,0,https://healthincommon.sharepoint.com/Lists/tbl_fees/264_.000
265,,,,3/31/2018,"13,250.00",,false,,266,312,Item,,,,,3/27/2025,3/27/2025,Bohdanna Kinasevych,Bohdanna Kinasevych,Lists/tbl_fees/265_.000,Lists/tbl_fees,0,https://healthincommon.sharepoint.com/Lists/tbl_fees/265_.000
266,,,,3/31/2018,"3,713.45",,false,for training (recorded as fees),267,422,Item,,,,,3/27/2025,3/27/2025,Bohdanna Kinasevych,Bohdanna Kinasevych,Lists/tbl_fees/266_.000,Lists/tbl_fees,0,https://healthincommon.sharepoint.com/Lists/tbl_fees/266_.000
267,,,,3/31/2018,"3,333.00",,false,,268,458,Item,,,,,3/27/2025,3/27/2025,Bohdanna Kinasevych,Bohdanna Kinasevych,Lists/tbl_fees/267_.000,Lists/tbl_fees,0,https://healthincommon.sharepoint.com/Lists/tbl_fees/267_.000
268,,,,3/30/2018,"16,200.00",,false,,269,359,Item,,,,,3/27/2025,3/27/2025,Bohdanna Kinasevych,Bohdanna Kinasevych,Lists/tbl_fees/268_.000,Lists/tbl_fees,0,https://healthincommon.sharepoint.com/Lists/tbl_fees/268_.000
269,,,,3/30/2018,"49,000.00",,false,,270,357,Item,,,,,3/27/2025,3/27/2025,Bohdanna Kinasevych,Bohdanna Kinasevych,Lists/tbl_fees/269_.000,Lists/tbl_fees,0,https://healthincommon.sharepoint.com/Lists/tbl_fees/269_.000
270,,,,3/30/2018,"5,775.00",,false,,271,342,Item,,,,,3/27/2025,3/27/2025,Bohdanna Kinasevych,Bohdanna Kinasevych,Lists/tbl_fees/270_.000,Lists/tbl_fees,0,https://healthincommon.sharepoint.com/Lists/tbl_fees/270_.000
271,,,,3/30/2018,"25,000.00",,false,,272,350,Item,,,,,3/27/2025,3/27/2025,Bohdanna Kinasevych,Bohdanna Kinasevych,Lists/tbl_fees/271_.000,Lists/tbl_fees,0,https://healthincommon.sharepoint.com/Lists/tbl_fees/271_.000
272,,,,3/30/2018,"23,800.00",,false,,273,341,Item,,,,,3/27/2025,3/27/2025,Bohdanna Kinasevych,Bohdanna Kinasevych,Lists/tbl_fees/272_.000,Lists/tbl_fees,0,https://healthincommon.sharepoint.com/Lists/tbl_fees/272_.000
273,,,,3/30/2018,"8,500.00",,false,,274,338,Item,,,,,3/27/2025,3/27/2025,Bohdanna Kinasevych,Bohdanna Kinasevych,Lists/tbl_fees/273_.000,Lists/tbl_fees,0,https://healthincommon.sharepoint.com/Lists/tbl_fees/273_.000
274,,,,3/30/2018,"11,550.00",,false,,275,402,Item,,,,,3/27/2025,3/27/2025,Bohdanna Kinasevych,Bohdanna Kinasevych,Lists/tbl_fees/274_.000,Lists/tbl_fees,0,https://healthincommon.sharepoint.com/Lists/tbl_fees/274_.000
275,,,,3/30/2018,"14,285.00",,false,,276,337,Item,,,,,3/27/2025,3/27/2025,Bohdanna Kinasevych,Bohdanna Kinasevych,Lists/tbl_fees/275_.000,Lists/tbl_fees,0,https://healthincommon.sharepoint.com/Lists/tbl_fees/275_.000
276,,,,3/30/2018,"35,000.00",,false,,277,347,Item,,,,,3/27/2025,3/27/2025,Bohdanna Kinasevych,Bohdanna Kinasevych,Lists/tbl_fees/276_.000,Lists/tbl_fees,0,https://healthincommon.sharepoint.com/Lists/tbl_fees/276_.000
277,,,,3/30/2018,"1,800.00",,false,,278,328,Item,,,,,3/27/2025,3/27/2025,Bohdanna Kinasevych,Bohdanna Kinasevych,Lists/tbl_fees/277_.000,Lists/tbl_fees,0,https://healthincommon.sharepoint.com/Lists/tbl_fees/277_.000
278,,,,3/30/2018,"12,000.00",,false,,279,331,Item,,,,,3/27/2025,3/27/2025,Bohdanna Kinasevych,Bohdanna Kinasevych,Lists/tbl_fees/278_.000,Lists/tbl_fees,0,https://healthincommon.sharepoint.com/Lists/tbl_fees/278_.000
279,,,,3/30/2018,"5,000.00",,false,,280,333,Item,,,,,3/27/2025,3/27/2025,Bohdanna Kinasevych,Bohdanna Kinasevych,Lists/tbl_fees/279_.000,Lists/tbl_fees,0,https://healthincommon.sharepoint.com/Lists/tbl_fees/279_.000
280,,,,3/16/2018,"4,500.00",,false,,281,340,Item,,,,,3/27/2025,3/27/2025,Bohdanna Kinasevych,Bohdanna Kinasevych,Lists/tbl_fees/280_.000,Lists/tbl_fees,0,https://healthincommon.sharepoint.com/Lists/tbl_fees/280_.000
281,,,,3/15/2018,"6,000.00",,false,,282,339,Item,,,,,3/27/2025,3/27/2025,Bohdanna Kinasevych,Bohdanna Kinasevych,Lists/tbl_fees/281_.000,Lists/tbl_fees,0,https://healthincommon.sharepoint.com/Lists/tbl_fees/281_.000
282,,,,3/1/2018,"2,000.00",,false,,283,304,Item,,,,,3/27/2025,3/27/2025,Bohdanna Kinasevych,Bohdanna Kinasevych,Lists/tbl_fees/282_.000,Lists/tbl_fees,0,https://healthincommon.sharepoint.com/Lists/tbl_fees/282_.000
283,,,,2/28/2018,"15,093.75",,false,,284,462,Item,,,,,3/27/2025,3/27/2025,Bohdanna Kinasevych,Bohdanna Kinasevych,Lists/tbl_fees/283_.000,Lists/tbl_fees,0,https://healthincommon.sharepoint.com/Lists/tbl_fees/283_.000
284,,,,2/22/2018,"5,700.00",,false,,285,342,Item,,,,,3/27/2025,3/27/2025,Bohdanna Kinasevych,Bohdanna Kinasevych,Lists/tbl_fees/284_.000,Lists/tbl_fees,0,https://healthincommon.sharepoint.com/Lists/tbl_fees/284_.000
285,,,,2/16/2018,"4,700.00",,false,,286,340,Item,,,,,3/27/2025,3/27/2025,Bohdanna Kinasevych,Bohdanna Kinasevych,Lists/tbl_fees/285_.000,Lists/tbl_fees,0,https://healthincommon.sharepoint.com/Lists/tbl_fees/285_.000
286,,,,2/14/2018,"16,175.00",,false,,287,426,Item,,,,,3/27/2025,3/27/2025,Bohdanna Kinasevych,Bohdanna Kinasevych,Lists/tbl_fees/286_.000,Lists/tbl_fees,0,https://healthincommon.sharepoint.com/Lists/tbl_fees/286_.000
287,,,,1/31/2018,"1,200.00",,false,,288,343,Item,,,,,3/27/2025,3/27/2025,Bohdanna Kinasevych,Bohdanna Kinasevych,Lists/tbl_fees/287_.000,Lists/tbl_fees,0,https://healthincommon.sharepoint.com/Lists/tbl_fees/287_.000
288,,,,1/31/2018,"5,750.00",,false,,289,302,Item,,,,,3/27/2025,3/27/2025,Bohdanna Kinasevych,Bohdanna Kinasevych,Lists/tbl_fees/288_.000,Lists/tbl_fees,0,https://healthincommon.sharepoint.com/Lists/tbl_fees/288_.000
289,,,,1/30/2018,"3,400.00",,false,,290,340,Item,,,,,3/27/2025,3/27/2025,Bohdanna Kinasevych,Bohdanna Kinasevych,Lists/tbl_fees/289_.000,Lists/tbl_fees,0,https://healthincommon.sharepoint.com/Lists/tbl_fees/289_.000
290,,,,1/15/2018,"27,000.00",,false,,291,359,Item,,,,,3/27/2025,3/27/2025,Bohdanna Kinasevych,Bohdanna Kinasevych,Lists/tbl_fees/290_.000,Lists/tbl_fees,0,https://healthincommon.sharepoint.com/Lists/tbl_fees/290_.000
291,,,,12/31/2017,"1,350.00",,false,,292,370,Item,,,,,3/27/2025,3/27/2025,Bohdanna Kinasevych,Bohdanna Kinasevych,Lists/tbl_fees/291_.000,Lists/tbl_fees,0,https://healthincommon.sharepoint.com/Lists/tbl_fees/291_.000
292,,,,12/29/2017,"1,575.00",,false,,293,356,Item,,,,,3/27/2025,3/27/2025,Bohdanna Kinasevych,Bohdanna Kinasevych,Lists/tbl_fees/292_.000,Lists/tbl_fees,0,https://healthincommon.sharepoint.com/Lists/tbl_fees/292_.000
293,,,,12/29/2017,"9,000.00",,false,,294,375,Item,,,,,3/27/2025,3/27/2025,Bohdanna Kinasevych,Bohdanna Kinasevych,Lists/tbl_fees/293_.000,Lists/tbl_fees,0,https://healthincommon.sharepoint.com/Lists/tbl_fees/293_.000
294,,,,12/22/2017,"11,000.00",,false,,295,306,Item,,,,,3/27/2025,3/27/2025,Bohdanna Kinasevych,Bohdanna Kinasevych,Lists/tbl_fees/294_.000,Lists/tbl_fees,0,https://healthincommon.sharepoint.com/Lists/tbl_fees/294_.000
295,,,,12/15/2017,"20,000.00",,false,,296,314,Item,,,,,3/27/2025,3/27/2025,Bohdanna Kinasevych,Bohdanna Kinasevych,Lists/tbl_fees/295_.000,Lists/tbl_fees,0,https://healthincommon.sharepoint.com/Lists/tbl_fees/295_.000
296,,,,12/15/2017,"1,050.00",,false,,297,393,Item,,,,,3/27/2025,3/27/2025,Bohdanna Kinasevych,Bohdanna Kinasevych,Lists/tbl_fees/296_.000,Lists/tbl_fees,0,https://healthincommon.sharepoint.com/Lists/tbl_fees/296_.000
297,,,,12/15/2017,"20,000.00",,false,,298,442,Item,,,,,3/27/2025,3/27/2025,Bohdanna Kinasevych,Bohdanna Kinasevych,Lists/tbl_fees/297_.000,Lists/tbl_fees,0,https://healthincommon.sharepoint.com/Lists/tbl_fees/297_.000
298,,,,12/14/2017,"1,000.00",,false,,299,364,Item,,,,,3/27/2025,3/27/2025,Bohdanna Kinasevych,Bohdanna Kinasevych,Lists/tbl_fees/298_.000,Lists/tbl_fees,0,https://healthincommon.sharepoint.com/Lists/tbl_fees/298_.000
299,,,,12/4/2017,"1,260.00",,false,,300,363,Item,,,,,3/27/2025,3/27/2025,Bohdanna Kinasevych,Bohdanna Kinasevych,Lists/tbl_fees/299_.000,Lists/tbl_fees,0,https://healthincommon.sharepoint.com/Lists/tbl_fees/299_.000
300,,,,11/30/2017,"13,650.00",,false,,301,379,Item,,,,,3/27/2025,3/27/2025,Bohdanna Kinasevych,Bohdanna Kinasevych,Lists/tbl_fees/300_.000,Lists/tbl_fees,0,https://healthincommon.sharepoint.com/Lists/tbl_fees/300_.000
301,,,,11/30/2017,"4,200.00",,false,,302,308,Item,,,,,3/27/2025,3/27/2025,Bohdanna Kinasevych,Bohdanna Kinasevych,Lists/tbl_fees/301_.000,Lists/tbl_fees,0,https://healthincommon.sharepoint.com/Lists/tbl_fees/301_.000
302,,,,11/1/2017,"4,200.00",,false,,303,378,Item,,,,,3/27/2025,3/27/2025,Bohdanna Kinasevych,Bohdanna Kinasevych,Lists/tbl_fees/302_.000,Lists/tbl_fees,0,https://healthincommon.sharepoint.com/Lists/tbl_fees/302_.000
303,,,,10/2/2017,"8,400.00",,false,,304,390,Item,,,,,3/27/2025,3/27/2025,Bohdanna Kinasevych,Bohdanna Kinasevych,Lists/tbl_fees/303_.000,Lists/tbl_fees,0,https://healthincommon.sharepoint.com/Lists/tbl_fees/303_.000
304,,,,10/1/2017,"4,200.00",,false,,305,302,Item,,,,,3/27/2025,3/27/2025,Bohdanna Kinasevych,Bohdanna Kinasevych,Lists/tbl_fees/304_.000,Lists/tbl_fees,0,https://healthincommon.sharepoint.com/Lists/tbl_fees/304_.000
305,,,,9/30/2017,"7,375.00",,false,,306,407,Item,,,,,3/27/2025,3/27/2025,Bohdanna Kinasevych,Bohdanna Kinasevych,Lists/tbl_fees/305_.000,Lists/tbl_fees,0,https://healthincommon.sharepoint.com/Lists/tbl_fees/305_.000
306,,,,9/30/2017,"4,830.00",,false,,307,308,Item,,,,,3/27/2025,3/27/2025,Bohdanna Kinasevych,Bohdanna Kinasevych,Lists/tbl_fees/306_.000,Lists/tbl_fees,0,https://healthincommon.sharepoint.com/Lists/tbl_fees/306_.000
307,,,,9/30/2017,"8,000.00",,false,,308,310,Item,,,,,3/27/2025,3/27/2025,Bohdanna Kinasevych,Bohdanna Kinasevych,Lists/tbl_fees/307_.000,Lists/tbl_fees,0,https://healthincommon.sharepoint.com/Lists/tbl_fees/307_.000
308,,,,9/30/2017,"10,500.00",,false,,309,313,Item,,,,,3/27/2025,3/27/2025,Bohdanna Kinasevych,Bohdanna Kinasevych,Lists/tbl_fees/308_.000,Lists/tbl_fees,0,https://healthincommon.sharepoint.com/Lists/tbl_fees/308_.000
309,,,,9/30/2017,"1,200.00",,false,,310,361,Item,,,,,3/27/2025,3/27/2025,Bohdanna Kinasevych,Bohdanna Kinasevych,Lists/tbl_fees/309_.000,Lists/tbl_fees,0,https://healthincommon.sharepoint.com/Lists/tbl_fees/309_.000
310,,,,9/29/2017,"1,050.00",,false,,311,302,Item,,,,,3/27/2025,3/27/2025,Bohdanna Kinasevych,Bohdanna Kinasevych,Lists/tbl_fees/310_.000,Lists/tbl_fees,0,https://healthincommon.sharepoint.com/Lists/tbl_fees/310_.000
311,,,,8/31/2017,"11,025.00",,false,,312,372,Item,,,,,3/27/2025,3/27/2025,Bohdanna Kinasevych,Bohdanna Kinasevych,Lists/tbl_fees/311_.000,Lists/tbl_fees,0,https://healthincommon.sharepoint.com/Lists/tbl_fees/311_.000
312,,,,8/30/2017,"4,200.00",,false,,313,308,Item,,,,,3/27/2025,3/27/2025,Bohdanna Kinasevych,Bohdanna Kinasevych,Lists/tbl_fees/312_.000,Lists/tbl_fees,0,https://healthincommon.sharepoint.com/Lists/tbl_fees/312_.000
313,,,,7/13/2017,"4,200.00",,false,,314,383,Item,,,,,3/27/2025,3/27/2025,Bohdanna Kinasevych,Bohdanna Kinasevych,Lists/tbl_fees/313_.000,Lists/tbl_fees,0,https://healthincommon.sharepoint.com/Lists/tbl_fees/313_.000
314,,,,4/30/2017,"8,500.00",,false,,315,408,Item,,,,,3/27/2025,3/27/2025,Bohdanna Kinasevych,Bohdanna Kinasevych,Lists/tbl_fees/314_.000,Lists/tbl_fees,0,https://healthincommon.sharepoint.com/Lists/tbl_fees/314_.000
315,,,,3/31/2017,750.00,,false,,316,459,Item,,,,,3/27/2025,3/27/2025,Bohdanna Kinasevych,Bohdanna Kinasevych,Lists/tbl_fees/315_.000,Lists/tbl_fees,0,https://healthincommon.sharepoint.com/Lists/tbl_fees/315_.000
316,,,,3/31/2017,"4,275.00",,false,,317,455,Item,,,,,3/27/2025,3/27/2025,Bohdanna Kinasevych,Bohdanna Kinasevych,Lists/tbl_fees/316_.000,Lists/tbl_fees,0,https://healthincommon.sharepoint.com/Lists/tbl_fees/316_.000
317,,,,3/31/2017,"21,375.00",,false,,318,455,Item,,,,,3/27/2025,3/27/2025,Bohdanna Kinasevych,Bohdanna Kinasevych,Lists/tbl_fees/317_.000,Lists/tbl_fees,0,https://healthincommon.sharepoint.com/Lists/tbl_fees/317_.000
318,,,,3/31/2017,"4,000.00",,false,,319,453,Item,,,,,3/27/2025,3/27/2025,Bohdanna Kinasevych,Bohdanna Kinasevych,Lists/tbl_fees/318_.000,Lists/tbl_fees,0,https://healthincommon.sharepoint.com/Lists/tbl_fees/318_.000
319,,,,3/31/2017,"4,150.00",,false,,320,407,Item,,,,,3/27/2025,3/27/2025,Bohdanna Kinasevych,Bohdanna Kinasevych,Lists/tbl_fees/319_.000,Lists/tbl_fees,0,https://healthincommon.sharepoint.com/Lists/tbl_fees/319_.000
320,,,,3/31/2017,"1,500.00",,false,,321,315,Item,,,,,3/27/2025,3/27/2025,Bohdanna Kinasevych,Bohdanna Kinasevych,Lists/tbl_fees/320_.000,Lists/tbl_fees,0,https://healthincommon.sharepoint.com/Lists/tbl_fees/320_.000
321,,,,3/31/2017,"15,000.00",,false,,322,391,Item,,,,,3/27/2025,3/27/2025,Bohdanna Kinasevych,Bohdanna Kinasevych,Lists/tbl_fees/321_.000,Lists/tbl_fees,0,https://healthincommon.sharepoint.com/Lists/tbl_fees/321_.000
322,,,,3/31/2017,"4,000.00",,false,,323,394,Item,,,,,3/27/2025,3/27/2025,Bohdanna Kinasevych,Bohdanna Kinasevych,Lists/tbl_fees/322_.000,Lists/tbl_fees,0,https://healthincommon.sharepoint.com/Lists/tbl_fees/322_.000
323,,,,3/31/2017,"8,925.00",,false,,324,417,Item,,,,,3/27/2025,3/27/2025,Bohdanna Kinasevych,Bohdanna Kinasevych,Lists/tbl_fees/323_.000,Lists/tbl_fees,0,https://healthincommon.sharepoint.com/Lists/tbl_fees/323_.000
324,,,,3/31/2017,"21,222.25",,false,,325,443,Item,,,,,3/27/2025,3/27/2025,Bohdanna Kinasevych,Bohdanna Kinasevych,Lists/tbl_fees/324_.000,Lists/tbl_fees,0,https://healthincommon.sharepoint.com/Lists/tbl_fees/324_.000
325,,,,3/31/2017,"17,500.00",,false,,326,413,Item,,,,,3/27/2025,3/27/2025,Bohdanna Kinasevych,Bohdanna Kinasevych,Lists/tbl_fees/325_.000,Lists/tbl_fees,0,https://healthincommon.sharepoint.com/Lists/tbl_fees/325_.000
326,,,,3/31/2017,"18,400.00",,false,,327,389,Item,,,,,3/27/2025,3/27/2025,Bohdanna Kinasevych,Bohdanna Kinasevych,Lists/tbl_fees/326_.000,Lists/tbl_fees,0,https://healthincommon.sharepoint.com/Lists/tbl_fees/326_.000
327,,,,3/31/2017,"23,000.00",,false,,328,314,Item,,,,,3/27/2025,3/27/2025,Bohdanna Kinasevych,Bohdanna Kinasevych,Lists/tbl_fees/327_.000,Lists/tbl_fees,0,https://healthincommon.sharepoint.com/Lists/tbl_fees/327_.000
328,,,,3/31/2017,"10,250.00",,false,,329,408,Item,,,,,3/27/2025,3/27/2025,Bohdanna Kinasevych,Bohdanna Kinasevych,Lists/tbl_fees/328_.000,Lists/tbl_fees,0,https://healthincommon.sharepoint.com/Lists/tbl_fees/328_.000
329,,,,3/31/2017,"1,000.00",,false,,330,411,Item,,,,,3/27/2025,3/27/2025,Bohdanna Kinasevych,Bohdanna Kinasevych,Lists/tbl_fees/329_.000,Lists/tbl_fees,0,https://healthincommon.sharepoint.com/Lists/tbl_fees/329_.000
330,,,,3/31/2017,"23,000.00",,false,,331,442,Item,,,,,3/27/2025,3/27/2025,Bohdanna Kinasevych,Bohdanna Kinasevych,Lists/tbl_fees/330_.000,Lists/tbl_fees,0,https://healthincommon.sharepoint.com/Lists/tbl_fees/330_.000
331,,,,3/31/2017,"10,000.00",,false,,332,433,Item,,,,,3/27/2025,3/27/2025,Bohdanna Kinasevych,Bohdanna Kinasevych,Lists/tbl_fees/331_.000,Lists/tbl_fees,0,https://healthincommon.sharepoint.com/Lists/tbl_fees/331_.000
332,,,,3/30/2017,"3,000.00",,false,,333,458,Item,,,,,3/27/2025,3/27/2025,Bohdanna Kinasevych,Bohdanna Kinasevych,Lists/tbl_fees/332_.000,Lists/tbl_fees,0,https://healthincommon.sharepoint.com/Lists/tbl_fees/332_.000
333,,,,3/29/2017,"3,300.00",,false,,334,382,Item,,,,,3/27/2025,3/27/2025,Bohdanna Kinasevych,Bohdanna Kinasevych,Lists/tbl_fees/333_.000,Lists/tbl_fees,0,https://healthincommon.sharepoint.com/Lists/tbl_fees/333_.000
334,,,,3/27/2017,"2,850.00",,false,,335,395,Item,,,,,3/27/2025,3/27/2025,Bohdanna Kinasevych,Bohdanna Kinasevych,Lists/tbl_fees/334_.000,Lists/tbl_fees,0,https://healthincommon.sharepoint.com/Lists/tbl_fees/334_.000
335,,,,3/18/2017,"1,275.00",,true,,336,402,Item,,,,,3/27/2025,3/27/2025,Bohdanna Kinasevych,Bohdanna Kinasevych,Lists/tbl_fees/335_.000,Lists/tbl_fees,0,https://healthincommon.sharepoint.com/Lists/tbl_fees/335_.000
336,,,,3/17/2017,500.00,,false,,337,435,Item,,,,,3/27/2025,3/27/2025,Bohdanna Kinasevych,Bohdanna Kinasevych,Lists/tbl_fees/336_.000,Lists/tbl_fees,0,https://healthincommon.sharepoint.com/Lists/tbl_fees/336_.000
337,,,,2/28/2017,"18,000.00",,false,,338,426,Item,,,,,3/27/2025,3/27/2025,Bohdanna Kinasevych,Bohdanna Kinasevych,Lists/tbl_fees/337_.000,Lists/tbl_fees,0,https://healthincommon.sharepoint.com/Lists/tbl_fees/337_.000
338,,,,2/28/2017,"2,850.00",,false,,339,418,Item,,,,,3/27/2025,3/27/2025,Bohdanna Kinasevych,Bohdanna Kinasevych,Lists/tbl_fees/338_.000,Lists/tbl_fees,0,https://healthincommon.sharepoint.com/Lists/tbl_fees/338_.000
339,,,,2/17/2017,"4,000.00",,false,,340,409,Item,,,,,3/27/2025,3/27/2025,Bohdanna Kinasevych,Bohdanna Kinasevych,Lists/tbl_fees/339_.000,Lists/tbl_fees,0,https://healthincommon.sharepoint.com/Lists/tbl_fees/339_.000
340,,,,2/15/2017,"8,700.00",,false,,341,465,Item,,,,,3/27/2025,3/27/2025,Bohdanna Kinasevych,Bohdanna Kinasevych,Lists/tbl_fees/340_.000,Lists/tbl_fees,0,https://healthincommon.sharepoint.com/Lists/tbl_fees/340_.000
341,,,,2/3/2017,"2,142.85",,false,,342,416,Item,,,,,3/27/2025,3/27/2025,Bohdanna Kinasevych,Bohdanna Kinasevych,Lists/tbl_fees/341_.000,Lists/tbl_fees,0,https://healthincommon.sharepoint.com/Lists/tbl_fees/341_.000
342,,,,2/2/2017,"1,000.00",,false,,343,415,Item,,,,,3/27/2025,3/27/2025,Bohdanna Kinasevych,Bohdanna Kinasevych,Lists/tbl_fees/342_.000,Lists/tbl_fees,0,https://healthincommon.sharepoint.com/Lists/tbl_fees/342_.000
343,,,,1/1/2017,"6,900.00",,false,,344,438,Item,,,,,3/27/2025,3/27/2025,Bohdanna Kinasevych,Bohdanna Kinasevych,Lists/tbl_fees/343_.000,Lists/tbl_fees,0,https://healthincommon.sharepoint.com/Lists/tbl_fees/343_.000
344,,,,1/1/2017,"1,000.00",,false,,345,406,Item,,,,,3/27/2025,3/27/2025,Bohdanna Kinasevych,Bohdanna Kinasevych,Lists/tbl_fees/344_.000,Lists/tbl_fees,0,https://healthincommon.sharepoint.com/Lists/tbl_fees/344_.000
345,,,,12/31/2016,"2,500.00",,false,,346,417,Item,,,,,3/27/2025,3/27/2025,Bohdanna Kinasevych,Bohdanna Kinasevych,Lists/tbl_fees/345_.000,Lists/tbl_fees,0,https://healthincommon.sharepoint.com/Lists/tbl_fees/345_.000
346,,,,12/31/2016,"1,500.00",,false,,347,429,Item,,,,,3/27/2025,3/27/2025,Bohdanna Kinasevych,Bohdanna Kinasevych,Lists/tbl_fees/346_.000,Lists/tbl_fees,0,https://healthincommon.sharepoint.com/Lists/tbl_fees/346_.000
347,,,,12/30/2016,"1,840.00",,false,,348,404,Item,,,,,3/27/2025,3/27/2025,Bohdanna Kinasevych,Bohdanna Kinasevych,Lists/tbl_fees/347_.000,Lists/tbl_fees,0,https://healthincommon.sharepoint.com/Lists/tbl_fees/347_.000
348,,,,12/30/2016,"1,500.00",,false,,349,398,Item,,,,,3/27/2025,3/27/2025,Bohdanna Kinasevych,Bohdanna Kinasevych,Lists/tbl_fees/348_.000,Lists/tbl_fees,0,https://healthincommon.sharepoint.com/Lists/tbl_fees/348_.000
349,,,,12/1/2016,"1,500.00",,false,,350,307,Item,,,,,3/27/2025,3/27/2025,Bohdanna Kinasevych,Bohdanna Kinasevych,Lists/tbl_fees/349_.000,Lists/tbl_fees,0,https://healthincommon.sharepoint.com/Lists/tbl_fees/349_.000
350,,,,11/30/2016,"8,500.00",,false,,351,432,Item,,,,,3/27/2025,3/27/2025,Bohdanna Kinasevych,Bohdanna Kinasevych,Lists/tbl_fees/350_.000,Lists/tbl_fees,0,https://healthincommon.sharepoint.com/Lists/tbl_fees/350_.000
351,,,,11/18/2016,"2,142.85",,false,,352,416,Item,,,,,3/27/2025,3/27/2025,Bohdanna Kinasevych,Bohdanna Kinasevych,Lists/tbl_fees/351_.000,Lists/tbl_fees,0,https://healthincommon.sharepoint.com/Lists/tbl_fees/351_.000
352,,,,10/31/2016,"6,679.60",,false,,353,430,Item,,,,,3/27/2025,3/27/2025,Bohdanna Kinasevych,Bohdanna Kinasevych,Lists/tbl_fees/352_.000,Lists/tbl_fees,0,https://healthincommon.sharepoint.com/Lists/tbl_fees/352_.000
353,,,,9/30/2016,350.00,,false,,354,414,Item,,,,,3/27/2025,3/27/2025,Bohdanna Kinasevych,Bohdanna Kinasevych,Lists/tbl_fees/353_.000,Lists/tbl_fees,0,https://healthincommon.sharepoint.com/Lists/tbl_fees/353_.000
354,,,,9/30/2016,"9,525.00",,false,,355,399,Item,,,,,3/27/2025,3/27/2025,Bohdanna Kinasevych,Bohdanna Kinasevych,Lists/tbl_fees/354_.000,Lists/tbl_fees,0,https://healthincommon.sharepoint.com/Lists/tbl_fees/354_.000
355,,,,5/24/2016,"13,222.00",,false,,356,457,Item,,,,,3/27/2025,3/27/2025,Bohdanna Kinasevych,Bohdanna Kinasevych,Lists/tbl_fees/355_.000,Lists/tbl_fees,0,https://healthincommon.sharepoint.com/Lists/tbl_fees/355_.000
356,,,,4/30/2016,"4,500.00",,false,,357,463,Item,,,,,3/27/2025,3/27/2025,Bohdanna Kinasevych,Bohdanna Kinasevych,Lists/tbl_fees/356_.000,Lists/tbl_fees,0,https://healthincommon.sharepoint.com/Lists/tbl_fees/356_.000
357,,,,4/1/2016,"3,000.00",,false,,358,452,Item,,,,,3/27/2025,3/27/2025,Bohdanna Kinasevych,Bohdanna Kinasevych,Lists/tbl_fees/357_.000,Lists/tbl_fees,0,https://healthincommon.sharepoint.com/Lists/tbl_fees/357_.000
358,,,,3/31/2016,"4,150.00",,false,,359,414,Item,,,,,3/27/2025,3/27/2025,Bohdanna Kinasevych,Bohdanna Kinasevych,Lists/tbl_fees/358_.000,Lists/tbl_fees,0,https://healthincommon.sharepoint.com/Lists/tbl_fees/358_.000
359,,,,3/31/2016,"10,000.00",,false,,360,464,Item,,,,,3/27/2025,3/27/2025,Bohdanna Kinasevych,Bohdanna Kinasevych,Lists/tbl_fees/359_.000,Lists/tbl_fees,0,https://healthincommon.sharepoint.com/Lists/tbl_fees/359_.000
360,,,,3/31/2016,"5,750.00",,false,,361,451,Item,,,,,3/27/2025,3/27/2025,Bohdanna Kinasevych,Bohdanna Kinasevych,Lists/tbl_fees/360_.000,Lists/tbl_fees,0,https://healthincommon.sharepoint.com/Lists/tbl_fees/360_.000
361,,,,3/31/2016,"2,850.00",,false,,362,455,Item,,,,,3/27/2025,3/27/2025,Bohdanna Kinasevych,Bohdanna Kinasevych,Lists/tbl_fees/361_.000,Lists/tbl_fees,0,https://healthincommon.sharepoint.com/Lists/tbl_fees/361_.000
362,,,,1/11/2016,"3,166.98",,false,,363,458,Item,,,,,3/27/2025,3/27/2025,Bohdanna Kinasevych,Bohdanna Kinasevych,Lists/tbl_fees/362_.000,Lists/tbl_fees,0,https://healthincommon.sharepoint.com/Lists/tbl_fees/362_.000
363,,,,11/10/2015,"4,500.00",,false,,364,463,Item,,,,,3/27/2025,3/27/2025,Bohdanna Kinasevych,Bohdanna Kinasevych,Lists/tbl_fees/363_.000,Lists/tbl_fees,0,https://healthincommon.sharepoint.com/Lists/tbl_fees/363_.000
364,,,,3/31/2015,"10,000.00",,false,,365,464,Item,,,,,3/27/2025,3/27/2025,Bohdanna Kinasevych,Bohdanna Kinasevych,Lists/tbl_fees/364_.000,Lists/tbl_fees,0,https://healthincommon.sharepoint.com/Lists/tbl_fees/364_.000
365,,,,3/1/2015,"3,000.00",,false,,366,461,Item,,,,,3/27/2025,3/27/2025,Bohdanna Kinasevych,Bohdanna Kinasevych,Lists/tbl_fees/365_.000,Lists/tbl_fees,0,https://healthincommon.sharepoint.com/Lists/tbl_fees/365_.000
366,,,,5/1/2014,"3,000.00",,false,,367,461,Item,,,,,3/27/2025,3/27/2025,Bohdanna Kinasevych,Bohdanna Kinasevych,Lists/tbl_fees/366_.000,Lists/tbl_fees,0,https://healthincommon.sharepoint.com/Lists/tbl_fees/366_.000
367,,,,4/1/2014,300.00,,false,,368,459,Item,,,,,3/27/2025,3/27/2025,Bohdanna Kinasevych,Bohdanna Kinasevych,Lists/tbl_fees/367_.000,Lists/tbl_fees,0,https://healthincommon.sharepoint.com/Lists/tbl_fees/367_.000
368,,,,3/31/2014,"10,000.00",,false,,369,464,Item,,,,,3/27/2025,3/27/2025,Bohdanna Kinasevych,Bohdanna Kinasevych,Lists/tbl_fees/368_.000,Lists/tbl_fees,0,https://healthincommon.sharepoint.com/Lists/tbl_fees/368_.000
369,,,,3/3/2014,"8,050.00",,false,,370,465,Item,,,,,3/27/2025,3/27/2025,Bohdanna Kinasevych,Bohdanna Kinasevych,Lists/tbl_fees/369_.000,Lists/tbl_fees,0,https://healthincommon.sharepoint.com/Lists/tbl_fees/369_.000
370,,,,3/31/2025,"24,000.00",0.00,,,371,467,Item,,,,,3/27/2025,3/27/2025,Bohdanna Kinasevych,Bohdanna Kinasevych,Lists/tbl_fees/370_.000,Lists/tbl_fees,0,https://healthincommon.sharepoint.com/Lists/tbl_fees/370_.000
371,,,,3/31/2025,"25,000.00",0.00,,,372,468,Item,,,,,3/27/2025,3/27/2025,Bohdanna Kinasevych,Bohdanna Kinasevych,Lists/tbl_fees/371_.000,Lists/tbl_fees,0,https://healthincommon.sharepoint.com/Lists/tbl_fees/371_.000
372,,,,3/1/2025,"1,000.00",0.00,,,373,25,Item,,,,,3/27/2025,3/27/2025,Bohdanna Kinasevych,Bohdanna Kinasevych,Lists/tbl_fees/372_.000,Lists/tbl_fees,0,https://healthincommon.sharepoint.com/Lists/tbl_fees/372_.000
373,,,,3/31/2025,"2,000.00",0.00,,,374,20,Item,,,,,3/27/2025,3/27/2025,Bohdanna Kinasevych,Bohdanna Kinasevych,Lists/tbl_fees/373_.000,Lists/tbl_fees,0,https://healthincommon.sharepoint.com/Lists/tbl_fees/373_.000
374,,,,4/30/2025,"10,000.00",0.00,,,375,473,Item,,,,,5/13/2025,3/27/2025,Bohdanna Kinasevych,Sara Castagna Reid,Lists/tbl_fees/374_.000,Lists/tbl_fees,0,https://healthincommon.sharepoint.com/Lists/tbl_fees/374_.000
375,,,,3/31/2025,0.00,41.06,,Food for focus group (Mar 5),376,24,Item,,,,,3/27/2025,3/27/2025,Bohdanna Kinasevych,Bohdanna Kinasevych,Lists/tbl_fees/375_.000,Lists/tbl_fees,0,https://healthincommon.sharepoint.com/Lists/tbl_fees/375_.000
376,,,,3/31/2025,0.00,80.00,,Focus Group honoraria (Mar 5),377,24,Item,,,,,3/27/2025,3/27/2025,Bohdanna Kinasevych,Bohdanna Kinasevych,Lists/tbl_fees/376_.000,Lists/tbl_fees,0,https://healthincommon.sharepoint.com/Lists/tbl_fees/376_.000
377,,,,3/31/2025,0.00,171.00,,Mar 7th Focus Group expenses (food and honoraria),378,24,Item,,,,,3/27/2025,3/27/2025,Bohdanna Kinasevych,Bohdanna Kinasevych,Lists/tbl_fees/377_.000,Lists/tbl_fees,0,https://healthincommon.sharepoint.com/Lists/tbl_fees/377_.000
378,,,,3/31/2025,0.00,102.10,,december focus group expenses (food),379,24,Item,,,,,3/27/2025,3/27/2025,Bohdanna Kinasevych,Bohdanna Kinasevych,Lists/tbl_fees/378_.000,Lists/tbl_fees,0,https://healthincommon.sharepoint.com/Lists/tbl_fees/378_.000
379,,,,3/31/2025,0.00,982.04,,december focus group expenses (food and honoraria),380,24,Item,,,,,3/27/2025,3/27/2025,Bohdanna Kinasevych,Bohdanna Kinasevych,Lists/tbl_fees/379_.000,Lists/tbl_fees,0,https://healthincommon.sharepoint.com/Lists/tbl_fees/379_.000
380,,,,3/31/2025,"4,000.00",,,,,474,Item,,,,,3/27/2025,3/27/2025,Bohdanna Kinasevych,Bohdanna Kinasevych,Lists/tbl_fees/380_.000,Lists/tbl_fees,0,https://healthincommon.sharepoint.com/Lists/tbl_fees/380_.000
381,,,,12/25/2025,"10,000.00",,,,,473,Item,,,,,4/7/2025,4/7/2025,Cassandra Montanino,Cassandra Montanino,Lists/tbl_fees/381_.000,Lists/tbl_fees,0,https://healthincommon.sharepoint.com/Lists/tbl_fees/381_.000
382,,,,3/28/2025,"6,000.00",,,,,40,Item,,,,,4/8/2025,4/8/2025,Bohdanna Kinasevych,Bohdanna Kinasevych,Lists/tbl_fees/382_.000,Lists/tbl_fees,0,https://healthincommon.sharepoint.com/Lists/tbl_fees/382_.000
383,,,,5/13/2025,"1,000.00",,,Session Planning and Consultation,,477,Item,,,,,5/13/2025,5/13/2025,Cathy Steven,Cathy Steven,Lists/tbl_fees/383_.000,Lists/tbl_fees,0,https://healthincommon.sharepoint.com/Lists/tbl_fees/383_.000
384,,,,,,,,,,477,Item,,,,,5/13/2025,5/13/2025,Cathy Steven,Cathy Steven,Lists/tbl_fees/384_.000,Lists/tbl_fees,0,https://healthincommon.sharepoint.com/Lists/tbl_fees/384_.000
385,,,,,,,,,,477,Item,,,,,5/13/2025,5/13/2025,Cathy Steven,Cathy Steven,Lists/tbl_fees/385_.000,Lists/tbl_fees,0,https://healthincommon.sharepoint.com/Lists/tbl_fees/385_.000
386,,,,5/13/2025,"2,000.00",,,,,478,Item,,,,,5/13/2025,5/13/2025,Cathy Steven,Cathy Steven,Lists/tbl_fees/386_.000,Lists/tbl_fees,0,https://healthincommon.sharepoint.com/Lists/tbl_fees/386_.000
387,,,,7/1/2025,"5,000.00",,,,,19,Item,,,,,6/4/2025,6/4/2025,Bohdanna Kinasevych,Bohdanna Kinasevych,Lists/tbl_fees/387_.000,Lists/tbl_fees,0,https://healthincommon.sharepoint.com/Lists/tbl_fees/387_.000
388,,,,3/31/2025,"5,000.00",,,,,19,Item,,,,,6/4/2025,6/4/2025,Bohdanna Kinasevych,Bohdanna Kinasevych,Lists/tbl_fees/388_.000,Lists/tbl_fees,0,https://healthincommon.sharepoint.com/Lists/tbl_fees/388_.000
389,,,,6/1/2025,"9,000.00",,,,,475,Item,,,,,6/4/2025,6/4/2025,Bohdanna Kinasevych,Bohdanna Kinasevych,Lists/tbl_fees/389_.000,Lists/tbl_fees,0,https://healthincommon.sharepoint.com/Lists/tbl_fees/389_.000
390,,,,8/31/2026,"9,000.00",,,,,475,Item,,,,,6/4/2025,6/4/2025,Bohdanna Kinasevych,Bohdanna Kinasevych,Lists/tbl_fees/390_.000,Lists/tbl_fees,0,https://healthincommon.sharepoint.com/Lists/tbl_fees/390_.000
391,,,,6/30/2025,"4,000.00",,,,,466,Item,,,,,6/4/2025,6/4/2025,Bohdanna Kinasevych,Bohdanna Kinasevych,Lists/tbl_fees/391_.000,Lists/tbl_fees,0,https://healthincommon.sharepoint.com/Lists/tbl_fees/391_.000
392,,,,9/15/2025,"8,000.00",,,,,466,Item,,,,,6/4/2025,6/4/2025,Bohdanna Kinasevych,Bohdanna Kinasevych,Lists/tbl_fees/392_.000,Lists/tbl_fees,0,https://healthincommon.sharepoint.com/Lists/tbl_fees/392_.000
393,,,,10/31/2025,"8,000.00",,,,,466,Item,,,,,6/4/2025,6/4/2025,Bohdanna Kinasevych,Bohdanna Kinasevych,Lists/tbl_fees/393_.000,Lists/tbl_fees,0,https://healthincommon.sharepoint.com/Lists/tbl_fees/393_.000
394,,,,8/29/2025,"5,000.00",,,,,481,Item,,,,,7/28/2025,6/10/2025,Bohdanna Kinasevych,Cassandra Montanino,Lists/tbl_fees/394_.000,Lists/tbl_fees,0,https://healthincommon.sharepoint.com/Lists/tbl_fees/394_.000
395,,,,3/31/2027,0.00,,,,,481,Item,,,,,7/28/2025,6/10/2025,Bohdanna Kinasevych,Cassandra Montanino,Lists/tbl_fees/395_.000,Lists/tbl_fees,0,https://healthincommon.sharepoint.com/Lists/tbl_fees/395_.000
396,,,,3/31/2028,"5,000.00",,,,,481,Item,,,,,7/28/2025,6/10/2025,Bohdanna Kinasevych,Cassandra Montanino,Lists/tbl_fees/396_.000,Lists/tbl_fees,0,https://healthincommon.sharepoint.com/Lists/tbl_fees/396_.000
397,,,,1/1/2026,"20,000.00",,,,,37,Item,,,,,6/17/2025,6/17/2025,Cassandra Montanino,Cassandra Montanino,Lists/tbl_fees/397_.000,Lists/tbl_fees,0,https://healthincommon.sharepoint.com/Lists/tbl_fees/397_.000
398,,,,,"20,000.00",,,,,492,Item,,,,,7/22/2025,7/22/2025,Sara Castagna Reid,Sara Castagna Reid,Lists/tbl_fees/398_.000,Lists/tbl_fees,0,https://healthincommon.sharepoint.com/Lists/tbl_fees/398_.000
399,,,,6/27/2025,"6,000.00",,,,,470,Item,,,,,7/22/2025,7/22/2025,Cathy Steven,Cathy Steven,Lists/tbl_fees/399_.000,Lists/tbl_fees,0,https://healthincommon.sharepoint.com/Lists/tbl_fees/399_.000
400,,,,8/18/2025,"4,750.00",,,,,494,Item,,,,,7/29/2025,7/29/2025,Bohdanna Kinasevych,Bohdanna Kinasevych,Lists/tbl_fees/400_.000,Lists/tbl_fees,0,https://healthincommon.sharepoint.com/Lists/tbl_fees/400_.000
401,,,,10/31/2025,"4,750.00",,,,,494,Item,,,,,7/29/2025,7/29/2025,Bohdanna Kinasevych,Bohdanna Kinasevych,Lists/tbl_fees/401_.000,Lists/tbl_fees,0,https://healthincommon.sharepoint.com/Lists/tbl_fees/401_.000
402,,,,12/25/2025,"4,000.00",,,,,490,Item,,,,,8/12/2025,8/12/2025,Cassandra Montanino,Cassandra Montanino,Lists/tbl_fees/402_.000,Lists/tbl_fees,0,https://healthincommon.sharepoint.com/Lists/tbl_fees/402_.000
403,,,,9/30/2025,"3,750.00",,,,,482,Item,,,,,9/17/2025,9/17/2025,Bohdanna Kinasevych,Bohdanna Kinasevych,Lists/tbl_fees/403_.000,Lists/tbl_fees,0,https://healthincommon.sharepoint.com/Lists/tbl_fees/403_.000
404,,,,6/30/2027,"3,750.00",,,,,482,Item,,,,,9/17/2025,9/17/2025,Bohdanna Kinasevych,Bohdanna Kinasevych,Lists/tbl_fees/404_.000,Lists/tbl_fees,0,https://healthincommon.sharepoint.com/Lists/tbl_fees/404_.000
